0.5310736,0.5289723,0.50926507,0.58755165,0.45654953,0.44539905,0.46656704,0.45239937,0.5508348,0.6672003,0.5136608,0.39742675,0.38973728,0.5140753,0.400844,0.77701014,0.94155866,0.35401252,0.27168918,0.9361293,0.31833106,1.1786962667472949,1.0120457922037898,0.02434965968132019,2.5406168425526303,0.27746322284384856,good
0.52279073,0.5293141,0.4513202,0.5820922,0.44113806,0.31593037,0.45916983,0.45122877,0.477995,0.667572,0.5019811,0.40423912,0.3820863,0.52526784,0.5908306,0.78258705,0.9308732,0.29318565,0.2771167,0.93680376,0.32057017,1.258126215842296,-3.0189507004664184,0.029851868748664856,2.4641719467054846,0.2860194433061948,good
0.52084434,0.51854205,0.36063826,0.5773053,0.4501214,0.57276,0.46195915,0.4572632,0.35370165,0.6534295,0.49491414,0.4218225,0.38865572,0.5077096,0.48954985,0.7901549,0.9047198,0.40347075,0.25216967,0.9155092,0.50576437,0.7805652499219775,-1.7970004284149246,0.02116227149963379,2.543330303571059,0.26494764140294746,good
0.51142585,0.51500756,0.51688075,0.5791097,0.4331206,0.4976885,0.44430897,0.43426737,0.52223724,0.6710684,0.49216357,0.48795977,0.37302977,0.49175727,0.4229168,0.80204004,0.92208135,0.37967572,0.23349176,0.92427605,0.42348817,1.4464106491273299,-0.19968188364734804,0.01776590198278427,2.2714098146685937,0.29803875765217985,good
0.5814438,0.46110958,0.3743242,0.62138635,0.3841598,0.44604793,0.5013385,0.3864658,0.36329406,0.6796098,0.4098423,0.33121377,0.39438188,0.43824533,0.37067604,0.78244406,0.90091306,0.33616528,0.20598851,0.9307658,0.40533468,20.189658864065294,1.3988692808862548,0.0057837143540382385,2.932071950487982,0.28602226882359005,good
0.552204,0.4303976,0.5285423,0.60276,0.36628696,0.5384577,0.47757682,0.35174775,0.42705196,0.66187596,0.4208757,0.49392328,0.3881757,0.4265358,0.47448877,0.79342467,0.88919413,0.35391212,0.2327482,0.9006246,0.5431371,9.030588159826749,-354.145674344081,0.013086430728435516,2.7899156052128107,0.27373318537563807,good
0.52664614,0.43372157,0.3891238,0.58258736,0.3654151,0.5078311,0.4547641,0.36635652,0.54077077,0.664262,0.4272698,0.4070135,0.3743754,0.44911048,0.41333362,0.7961706,0.8895309,0.38755482,0.215417,0.9065536,0.62358224,5.650567236359123,0.9428770850545404,0.0057937949895858765,2.7292289142999917,0.29034902904580984,good
0.49597928,0.4540831,0.5220561,0.5526618,0.37518787,0.3032828,0.43951765,0.39897943,0.43661362,0.6489875,0.44694984,0.49821487,0.37660143,0.46414158,0.53315073,0.8072162,0.8868966,0.39245683,0.23506173,0.90160996,0.53362346,4.3928152923507895,-7.857239061871985,0.021138980984687805,2.8904982700272814,0.2726910472976264,good
0.42864507,0.43651623,0.45912504,0.4876365,0.35561785,0.6141025,0.37634963,0.3799663,0.519187,0.6279527,0.41546932,0.45782667,0.34298965,0.46918944,0.42331353,0.8056969,0.88197154,0.3202287,0.24163188,0.9106999,0.4819487,16.733317993728477,-7.131220266288662,0.02366439253091812,3.171932863208291,0.2877971962921773,good
0.38320538,0.45738444,0.45122257,0.44973275,0.39127856,0.599203,0.35565233,0.4128962,0.54631895,0.6045736,0.46034828,0.51718104,0.3493268,0.45896488,0.16633591,0.7857688,0.8977671,0.24951793,0.28461558,0.91203684,0.37869734,27.411702653277054,-8.554560986440604,0.03519219160079956,3.859404523065759,0.15,good
0.54123443,0.51344794,0.5250139,0.5967761,0.45337182,0.6143873,0.48864946,0.44926718,0.7298305,0.6892759,0.5244763,0.48103917,0.4167333,0.51313794,0.42277357,0.80286616,0.9173254,0.28938225,0.32697943,0.91560256,0.31621936,5.854780634561152,1.4752652182348935,0.06492279469966888,2.802879488497062,0.27267525891004696,good
0.5375349,0.46218443,0.55051523,0.58941084,0.41169956,0.62750316,0.4908671,0.41480362,0.6930869,0.67583364,0.49287078,0.31889045,0.41454396,0.5070082,0.37479958,0.86368424,0.6747765,0.12375692,0.30465287,0.9315287,0.20952919,5.66172647158038,17.653467287566787,0.08416855335235596,2.6371118333252,0.26150473214148995,good
0.5151453,0.45199728,0.51549244,0.5767059,0.40252137,0.7091396,0.47335136,0.40985844,0.65050447,0.6816582,0.49321735,0.39863926,0.41691267,0.49600756,0.38086382,0.8182572,0.9287395,0.26393732,0.3090648,0.92458695,0.27236477,9.72407064311382,356.60190049126277,0.06366100907325745,3.4713718821355597,0.26475380396520876,good
0.5740316,0.4730278,0.5657769,0.6250652,0.42830348,0.5796135,0.51679605,0.42026374,0.52419555,0.6922771,0.5294232,0.4002463,0.4229893,0.5100167,0.39946666,0.81284565,0.9198366,0.25455326,0.30825043,0.9142638,0.29045928,2.406136281431074,2.7130925335385276,0.06054803729057312,3.073580532955733,0.2696808200891624,good
0.48391715,0.4464837,0.4491355,0.56714153,0.3491571,0.505605,0.4294299,0.36237988,0.62941635,0.70993096,0.40517816,0.49700144,0.36921713,0.42069378,0.4535453,0.8641687,0.86003876,0.30690607,0.25288627,0.85851496,0.60745484,18.320217335400585,355.7739255680128,0.05852748453617096,2.306527840306674,0.34091249077817976,good
0.6450149,0.44038227,0.44563702,0.70329,0.3468357,0.53322905,0.5584336,0.34046605,0.5347715,0.79379404,0.3931079,0.41797888,0.45256007,0.3806428,0.5505018,0.84361005,0.8639262,0.35074776,0.26023987,0.86399627,0.5684049,21.977774697305378,-358.1059563616451,0.05192495882511139,2.2840717984320733,0.3413620098970215,good
0.5676286,0.45547536,0.52772045,0.637014,0.36538678,0.62952363,0.49763933,0.36711058,0.61530775,0.7363362,0.4221637,0.64287245,0.41474614,0.42560032,0.4458952,0.83561724,0.8643594,0.35291195,0.258218,0.8610693,0.5304719,5.0897603757500605,359.22368162345754,0.046917617321014404,2.1963641386627524,0.32160036489184846,good
0.50123835,0.45845193,0.44443145,0.5831445,0.36271766,0.45327997,0.4406636,0.3861393,0.43174705,0.70475614,0.42799166,0.4342775,0.3830021,0.45224237,0.46395147,0.8343011,0.8542184,0.35324252,0.25465718,0.8601108,0.5430902,11.044068263368302,-6.591611434215387,0.04447914659976959,2.1046629872377984,0.32226769287859147,good
0.55513024,0.37024766,0.5659829,0.61594856,0.3093098,0.60392445,0.4967924,0.3158707,0.54124624,0.71695715,0.40668538,0.44256362,0.41898605,0.42379433,0.49584937,0.8407876,0.8454482,0.36873063,0.2568728,0.8628124,0.56812525,2.5163848301964293,-1.0870752661715835,0.048830196261405945,3.043548751196909,0.2982472615037965,good
0.53063554,0.43489692,0.57176334,0.5974647,0.3601042,0.4786492,0.4723061,0.3690516,0.56932753,0.6974802,0.4273736,0.4832959,0.40298098,0.44294667,0.5650089,0.83623946,0.8650084,0.39234814,0.26138073,0.87387025,0.5746713,3.4839446558349607,-2.406643811774942,0.048810094594955444,2.6042563214377874,0.29473073764670443,good
0.61570317,0.41515544,0.48621166,0.6716015,0.3582299,0.69024193,0.5445341,0.34155807,0.41143194,0.72722024,0.41360673,0.46824878,0.44694766,0.40626854,0.5479549,0.8190361,0.8746067,0.35815558,0.2626052,0.87236136,0.5716169,15.485533566755251,5.446608814434067,0.0408206582069397,2.7553659692321624,0.280326604939802,good
0.5035987,0.456511,0.45149952,0.5638047,0.3880384,0.51461744,0.4428617,0.379164,0.5263698,0.6500926,0.4465651,0.48912877,0.36201692,0.44641963,0.54177296,0.7655581,0.89565325,0.37043056,0.21279272,0.8931981,0.47309938,3.036836120941601,2.9590864652798263,0.010824576020240784,2.7141372808088597,0.2880757061598345,good
0.47868776,0.5167989,0.472607,0.53983676,0.4425047,0.29273102,0.40715188,0.4442629,0.31672123,0.62356883,0.494332,0.42479363,0.35198736,0.50663155,0.5208917,0.75351197,0.8975343,0.4359908,0.21833561,0.89684814,0.5216075,2.0699931538494667,359.3755095508669,0.01407621055841446,2.1507490446234,0.2717380908376437,good
0.4948176,0.48892757,0.5835587,0.5675928,0.38883775,0.6177882,0.4211456,0.3935762,0.56043375,0.66796505,0.44442394,0.51620555,0.3415062,0.4519365,0.4543481,0.8086176,0.88858783,0.38997546,0.18262504,0.8772581,0.45406896,0.999501598420693,357.8321843185585,0.004378683865070343,2.017181986397374,0.3265074608681923,good
0.54490256,0.42289367,0.52351534,0.59729064,0.34925583,0.53505254,0.46932185,0.33890778,0.41230783,0.6632304,0.41096264,0.39171368,0.36610535,0.40483165,0.52321035,0.7801248,0.8817121,0.36171445,0.18104823,0.8837493,0.5065987,13.643229699762315,-356.38325180723496,0.01941349357366562,2.7364502476317796,0.29716064989278784,good
0.58481747,0.42166895,0.4379255,0.6240011,0.35558027,0.3560956,0.5131647,0.35017702,0.37136865,0.6679152,0.39695683,0.27928823,0.39022183,0.39986056,0.46240863,0.74363846,0.8771652,0.28337982,0.1799847,0.9049503,0.376104,25.42614907261668,-355.7887470426549,0.03818842023611069,3.3622848954520763,0.27770193035084584,good
0.42417675,0.46317956,0.4849254,0.48853505,0.3863869,0.46246916,0.37175757,0.40454537,0.45992228,0.60619026,0.44342402,0.44989613,0.32847464,0.47072566,0.382141,0.76830715,0.8816932,0.36553457,0.23017044,0.8963138,0.39873478,15.619338883649931,-5.4845752539063914,0.0007612034678459167,2.790451672090812,0.278469465907359,good
0.3783386,0.4683249,0.37343767,0.44707277,0.38054273,0.56553304,0.34606767,0.40617377,0.6475336,0.5912964,0.44273978,0.5038904,0.31600538,0.46925265,0.27908152,0.73616415,0.88657665,0.30020398,0.24868698,0.89671403,0.37642735,23.143394489559796,-9.882102906659947,0.007574431598186493,3.2811938570700447,0.2760082091761637,good
0.43591723,0.4556847,0.536232,0.4993253,0.37824276,0.47664088,0.38217086,0.39550418,0.5806459,0.6066983,0.44972205,0.40791053,0.32904115,0.48540708,0.4164755,0.7653085,0.883266,0.42261413,0.22269207,0.888578,0.4859169,12.560782054426923,-5.8851698690457,0.005999714136123657,2.7816289748289855,0.27894403864977135,good
0.49358833,0.5178104,0.56996286,0.5511149,0.44169575,0.43638498,0.43374354,0.44656244,0.36925715,0.6329205,0.48665103,0.54013574,0.36204326,0.49496552,0.46644744,0.7613686,0.9014177,0.43845215,0.22674769,0.90121627,0.5033637,0.1401344980976944,358.202600482597,0.005941867828369141,2.4494159195790326,0.27094901056809195,good
0.5857798,0.48831216,0.4891694,0.6282879,0.41722834,0.59477365,0.5090472,0.4096881,0.48536277,0.6788693,0.45376801,0.38181654,0.3984786,0.45674038,0.44437313,0.750595,0.8978849,0.386583,0.23775369,0.8974413,0.35617805,21.227190850099106,2.67814645860513,0.005825668573379517,2.6838873203789224,0.2803995715245783,good
0.5475616,0.47423884,0.4588248,0.6126282,0.37719187,0.5525453,0.47260395,0.3702246,0.524607,0.6937031,0.42755768,0.4835041,0.36068532,0.42790553,0.5298333,0.8002405,0.8867487,0.4122569,0.16546923,0.8884671,0.45248744,16.096534530071864,-357.74648526805726,0.017145127058029175,2.260230019712674,0.3330178984697405,good
0.50972426,0.43804112,0.44147527,0.5772424,0.35798857,0.4112863,0.4467069,0.35885257,0.5215565,0.66562086,0.42370716,0.4259203,0.35950974,0.42503676,0.54719806,0.78814447,0.8844595,0.46228668,0.17939013,0.88681,0.5523616,5.924926945094256,-0.11850176061985,0.016232699155807495,2.579322526978167,0.30611275139535477,good
0.49151152,0.43225113,0.60648596,0.549754,0.35261253,0.5991377,0.42664325,0.3550781,0.50392556,0.6463318,0.44488856,0.41878024,0.35176617,0.4482171,0.39891225,0.78299665,0.89009714,0.4040642,0.18667462,0.8877318,0.5121262,1.253187016982281,358.9690049161788,0.015164360404014587,2.7822417257501355,0.29457619614983777,good
0.5575768,0.4144392,0.39419812,0.6113435,0.35381874,0.45032343,0.48682594,0.34318373,0.5318404,0.6773442,0.42124343,0.4736724,0.3845137,0.40596688,0.50955707,0.7883678,0.88906556,0.37556878,0.20725441,0.88809896,0.48696816,11.946439090137076,3.593729374012257,0.0021888911724090576,2.8900106165724577,0.2930545551793625,good
0.3951429,0.50394195,0.4925641,0.468973,0.41720656,0.5154066,0.34153637,0.43681303,0.5877732,0.5783576,0.4712783,0.42304918,0.29224607,0.49029893,0.42479604,0.7613619,0.8849574,0.3882455,0.21135813,0.9047418,0.4331396,21.32893565119042,-5.036836631905989,0.013639986515045166,2.393497297803795,0.28646691965555704,good
0.50043064,0.53408384,0.45281538,0.56737274,0.44982547,0.5010766,0.42957243,0.45188192,0.5215906,0.6487525,0.48810297,0.49602947,0.34580436,0.49131227,0.51180863,0.78592706,0.9076478,0.40310007,0.19643731,0.88811904,0.5778922,1.3610434314219617,357.93545311276563,0.008817814290523529,1.9810498619564554,0.3029577087798658,good
0.33916265,0.3404469,0.43044254,0.41955587,0.2726306,0.46656257,0.29479474,0.2744346,0.43805686,0.52289844,0.36918724,0.519645,0.23602289,0.33867028,0.6406952,0.68969655,0.84137535,0.6001451,0.08825998,0.8378667,0.59542155,9.69359294688779,359.12798436446934,0.1110217347741127,3.0270495104892725,0.2877871198335988,good
0.31779286,0.35985523,0.4457714,0.39657533,0.2761192,0.40064296,0.27037504,0.28261507,0.49652258,0.5145993,0.37970427,0.5354959,0.21699344,0.34316695,0.5169214,0.6959994,0.8469996,0.577487,0.089460425,0.83627367,0.6121743,15.463975242128939,357.0293627283256,0.10727009549736977,2.9219435546099692,0.2988648320682812,good
0.3275094,0.35120228,0.46405956,0.4040851,0.2841221,0.4062418,0.27964184,0.28188905,0.6661757,0.52365464,0.37852222,0.42734426,0.22624967,0.34058106,0.49101418,0.68801326,0.8398885,0.6089778,0.087644614,0.83793783,0.5768057,11.845934927450827,0.6314355404825843,0.11217106506228447,2.978785137551005,0.29876320961597497,good
0.4114508,0.33122805,0.35881522,0.47918317,0.2841229,0.38327655,0.3454641,0.26062673,0.59769577,0.5516651,0.34286726,0.51553243,0.2595137,0.32463026,0.63050866,0.6751047,0.84548545,0.6199925,0.07148849,0.83492655,0.49591792,6.477084776212806,6.755797420381732,0.1267034150660038,2.8443732638301205,0.2924714237490572,good
0.20238492,0.34974676,0.4134463,0.29285356,0.26640368,0.42068368,0.18621835,0.2819323,0.45702118,0.45565218,0.34892693,0.40004578,0.17954224,0.32006556,0.21191263,0.6922679,0.84728545,0.59362525,0.099633485,0.8578787,0.5279364,30.984712424134628,-5.464946415009392,0.10404931008815765,3.9517450393517364,0.15,good
0.326243,0.30659792,0.45631662,0.4062325,0.24584262,0.64838314,0.2865911,0.2554437,0.5455544,0.5208647,0.3859805,0.45389813,0.2283429,0.34541833,0.3856712,0.6771916,0.8442146,0.5532943,0.076777264,0.84101427,0.531967,8.967949148560123,356.32667019652314,0.12301556020975113,3.3806867726875636,0.2940994551255028,good
0.31605977,0.42520437,0.43681383,0.3894502,0.32664987,0.4756554,0.2550093,0.33220902,0.63324225,0.51336926,0.38308576,0.5154065,0.194003,0.37867096,0.5843556,0.6840425,0.84921104,0.64751196,0.08480656,0.83650404,0.56469905,17.294269109043384,357.31252406018143,0.11557546257972717,2.3836448005549973,0.3193834251561291,good
0.43275148,0.45105076,0.61234313,0.49510354,0.37553,0.46175343,0.37714553,0.3764777,0.5435405,0.5834477,0.4467266,0.52279466,0.29947254,0.4578495,0.6553391,0.6804727,0.9127012,0.35553002,0.13415377,0.9043889,0.37697068,4.68241868925918,359.0009735778087,0.09268677979707718,2.916768012818344,0.2840976596472057,good
0.5277963,0.43174314,0.4448683,0.5707361,0.37263587,0.7131171,0.44991902,0.3565555,0.5741646,0.606132,0.4257052,0.3867066,0.3108981,0.44816524,0.3914731,0.6790466,0.90390974,0.33829585,0.14604168,0.91434604,0.3465229,22.84630004644346,-353.45813395324933,0.0874558761715889,3.097832300231058,0.29571404493673914,good
0.54678416,0.42127112,0.53933716,0.61325336,0.31964585,0.52149737,0.4581978,0.30369994,0.48336372,0.6982533,0.3876195,0.48484668,0.31772575,0.35590976,0.6938524,0.7688997,0.87004626,0.42343634,0.11678866,0.833688,0.52155924,21.95828897610511,2.0160051544915314,0.057155828922986984,2.1815196956732255,0.3812699776366746,good
0.35201818,0.42170033,0.45973998,0.44005483,0.32142484,0.5219585,0.28559548,0.3271416,0.549692,0.58433217,0.34992978,0.46856433,0.21736929,0.3666791,0.5518209,0.76432383,0.84054863,0.4144248,0.11572936,0.8355132,0.5723614,22.1786066681359,358.07634222160647,0.05997340381145477,2.0995088748921327,0.3671778300223762,good
0.47519398,0.36953068,0.5816809,0.5404537,0.29431325,0.33866632,0.41095465,0.28305718,0.5084368,0.6375167,0.37891853,0.6407044,0.32306588,0.36702248,0.58144724,0.7636405,0.8630839,0.496094,0.13349167,0.8473047,0.5517379,4.236173293004427,2.653932297028428,0.051433905959129333,2.8142772326476617,0.31457734908464635,good
0.42255256,0.3619662,0.4647374,0.4938289,0.27930006,0.30739793,0.36838222,0.2924995,0.57204247,0.6103737,0.36901164,0.54322493,0.29930782,0.38087434,0.70122695,0.76118135,0.8550521,0.39953053,0.13248333,0.8557857,0.5078708,4.661503119841171,-4.461985195205286,0.05316765606403351,2.9473530571971507,0.3111930617317039,good
0.48859894,0.35037524,0.5222038,0.5500967,0.28870526,0.5292462,0.41811332,0.2781571,0.371463,0.6314126,0.36665618,0.5108742,0.31797796,0.36855614,0.56594163,0.74114406,0.8459144,0.46154764,0.12397663,0.84817106,0.5472337,10.97856605177087,-356.41265119454437,0.06743965297937393,2.848975280195761,0.3134378995851054,good
0.5480694,0.36119303,0.5648562,0.5936648,0.29226518,0.55064106,0.46489632,0.2670337,0.38561374,0.641657,0.34686887,0.45084944,0.32767472,0.36352527,0.56007504,0.7185253,0.86747307,0.36109382,0.12202983,0.8559203,0.43762046,22.428751666317268,7.528045264273429,0.07972243800759315,3.046709327237372,0.31423069312618995,good
0.39969736,0.4446098,0.3951555,0.45546904,0.37892294,0.40651017,0.34373,0.38132474,0.48998177,0.551539,0.4556474,0.49515408,0.2841128,0.46172205,0.52189994,0.7120521,0.89277864,0.38424563,0.14764224,0.8949852,0.40592885,6.205890037946062,-0.7555892164119551,0.07015282660722733,3.0271990923204517,0.2674649986611528,good
0.40168145,0.39156175,0.38343164,0.46863258,0.33149868,0.5788672,0.34854016,0.34571287,0.73882353,0.5783482,0.4341715,0.41997638,0.29649973,0.4415312,0.61286134,0.7215879,0.88190454,0.37407044,0.14398484,0.8880914,0.43473634,5.503819906390277,-4.61259510952899,0.06721363216638565,3.0803555594580403,0.28190253541933485,good
0.34712476,0.3872294,0.43930724,0.41984588,0.31220728,0.38649595,0.31217214,0.34123793,0.65098834,0.56106836,0.39022195,0.40641075,0.2880586,0.40773213,0.26615053,0.7439227,0.862892,0.30451843,0.16416553,0.8934406,0.36686704,17.215436428960984,-9.16867921726324,0.04595588147640228,3.49022794764605,0.2733254253085517,good
0.4249774,0.39531574,0.44082022,0.48741966,0.3273081,0.6189448,0.36632073,0.32806358,0.62944627,0.5859547,0.3907755,0.60149646,0.29927343,0.4070115,0.66656935,0.7393544,0.86223716,0.4135449,0.14204858,0.893412,0.45723662,0.8702725074232234,1.973577336419712,0.059298522770404816,2.9911007366322173,0.28693979166935907,good
0.5469457,0.41669554,0.49187618,0.5778424,0.36209822,0.40103698,0.4837645,0.34595752,0.4130475,0.5941822,0.39592376,0.20514722,0.3299574,0.42233446,0.414603,0.6865085,0.899407,0.31082514,0.1459982,0.9041284,0.4542308,23.44246204184209,-352.29237394614705,0.08374666422605515,4.075406919946774,0.15,good
0.44347313,0.6142326,0.21919155,0.52548766,0.5109854,0.5011278,0.35268205,0.4887425,0.42030668,0.6496911,0.49636707,0.32579878,0.2556159,0.4377352,0.43891355,0.80150837,0.9063929,0.25827795,0.13398893,0.8995246,0.40896088,12.63155178670614,5.0719453216951385,0.032251350581645966,1.2551256101178907,0.3965210951306536,bad
0.32205036,0.5105463,0.3139064,0.41436276,0.4157902,0.4210002,0.26284534,0.41353673,0.6512366,0.5988847,0.44310558,0.4640786,0.19925599,0.41755638,0.30346775,0.7870236,0.9093685,0.24232496,0.13122857,0.8978774,0.3765222,34.665782506402984,-0.11384683547826599,0.04087391495704651,2.145607953102371,0.4000878495248985,bad
0.68428916,0.70371723,0.33005822,0.75680345,0.58808845,0.48884952,0.6027541,0.5775502,0.51198214,0.8263691,0.5146403,0.28138563,0.42085856,0.49539,0.507591,0.77740467,0.88565665,0.26395577,0.15335353,0.88575095,0.27545342,78.65711993416784,-357.05644461905365,0.03462090343236923,1.6724262684508782,0.40576748176631583,bad
0.45130485,0.59389406,0.36043265,0.5316911,0.48873538,0.4741431,0.36724508,0.46452448,0.50516105,0.651228,0.44673064,0.24296671,0.26138315,0.3905729,0.3752392,0.8216373,0.8823431,0.24251658,0.12633346,0.87374514,0.42038447,11.79844492852908,5.7697257321570765,0.02601463347673416,1.2953877277757508,0.15,bad
0.4722936,0.41800863,0.3813105,0.54400384,0.3630829,0.4312411,0.41232595,0.34870407,0.41182318,0.627787,0.4839231,0.55650103,0.31623992,0.481503,0.5735235,0.7200615,0.8979294,0.4042788,0.20001867,0.905725,0.30560225,3.1182407855767735,-354.67392214367106,0.039959922432899475,2.748063713512175,0.31155235800487463,bad
0.55640185,0.4096833,0.5582124,0.63634896,0.36855295,0.46060625,0.48871276,0.34006405,0.37033734,0.69316715,0.4431718,0.4957191,0.355126,0.44277546,0.48849112,0.7743723,0.91362154,0.20270468,0.1611801,0.92425364,0.2630149,17.604995482058357,-351.01999072557464,0.032223813235759735,2.6283896442760946,0.3380412872260074,bad
0.48040724,0.53683573,0.3589149,0.5525999,0.4643528,0.63515115,0.4039185,0.44121152,0.4163124,0.63694364,0.5262198,0.5578011,0.27975887,0.49896798,0.62093174,0.69635034,0.92601717,0.28635475,0.074210346,0.88553697,0.2415054,24.18209927994461,3.8643535927467196,0.11471965909004211,1.9547002508377527,0.3577690668353723,bad
0.5324453,0.48498532,0.32203782,0.59485495,0.42119962,0.60003304,0.4583994,0.39530307,0.5230882,0.6642203,0.47384015,0.41150275,0.31967744,0.4708205,0.5506959,0.67622584,0.9297461,0.2510035,0.15885095,0.9061557,0.28636652,23.4384474372238,6.1421918079237745,0.08246160298585892,2.499114950186935,0.34455027440356245,bad
0.39057544,0.5529233,0.6059904,0.45505443,0.46865487,0.36137316,0.32879433,0.4677219,0.55824673,0.5397243,0.5426793,0.41738093,0.24479584,0.52547544,0.59394884,0.62179095,0.92792475,0.38855493,0.13045458,0.9009666,0.48581252,1.8740799111448894,-2.038883112748359,0.12387723475694656,2.1505012189906805,0.29521055764714166,bad
0.45350394,0.5567608,0.36563388,0.51782453,0.47747138,0.5012393,0.36720592,0.44173285,0.4841176,0.60452676,0.50159824,0.4341655,0.2508437,0.4467969,0.5631752,0.66698474,0.8885943,0.28442606,0.030725367,0.8040661,0.2844186,34.158720426666264,4.400542129104401,0.15114494785666466,1.5758094947906984,0.3560631909021618,bad
0.57902884,0.5918134,0.40314472,0.6532799,0.49109837,0.3924453,0.49323648,0.45059875,0.67221606,0.7720904,0.509856,0.4339263,0.37506685,0.40749216,0.5106963,0.86540794,0.8585768,0.32106823,0.21241263,0.83149385,0.67590475,21.738804278346507,8.964703160706454,0.038910284638404846,1.1915726676360636,0.4043782335763798,bad
0.6720424,0.5518219,0.6199044,0.7143829,0.48275182,0.66584337,0.5822692,0.4605066,0.36234453,0.76710755,0.51616526,0.336512,0.4434747,0.5081241,0.659726,0.8107668,0.9450538,0.22515,0.23848726,0.93445826,0.29200852,34.13782906279555,6.401915319979804,0.024627037346363068,2.4493661762332466,0.32368902360386154,bad
0.6275532,0.55464613,0.3093712,0.6857792,0.49438885,0.5503521,0.54643893,0.4820822,0.4243768,0.7588443,0.57089543,0.49296314,0.4375799,0.56317145,0.5267743,0.7965213,0.9369839,0.23212689,0.2832004,0.9201451,0.283448,22.62408494742185,2.3804271539695208,0.039860859513282776,2.1041087691127878,0.3213166408879299,bad
0.60319644,0.5181242,0.39280623,0.669781,0.45272937,0.47293183,0.5200505,0.44689098,0.47514597,0.7646047,0.5425059,0.5095169,0.41380498,0.5222788,0.5461463,0.83638245,0.9226716,0.2431428,0.24394952,0.9227632,0.27397293,16.449575771528743,-358.3182452200439,0.0401659831404686,2.0689809233786485,0.35112757762071933,bad
0.3702628,0.52911675,0.47213992,0.46126568,0.45337325,0.49716333,0.32988378,0.44888908,0.59204173,0.63384926,0.51101285,0.42770487,0.28356156,0.47885165,0.31755224,0.80521566,0.9031859,0.20909163,0.21038684,0.88062435,0.3461067,37.071310895496076,-0.16311481918003837,0.007801249623298645,2.3197867746325103,0.3511172094480769,bad
0.40512353,0.48617786,0.43314168,0.5003258,0.38972175,0.47202957,0.3478188,0.37511885,0.6055232,0.6590256,0.42663163,0.4557579,0.27427897,0.4369029,0.29262477,0.8542717,0.8623268,0.22080883,0.21734415,0.82778424,0.54308057,38.70415686833117,1.7783889730991052,0.035807929933071136,1.9568805505096907,0.3848237531744728,bad
0.37779924,0.4262181,0.39886287,0.4627244,0.34038243,0.58763665,0.3056978,0.32052368,0.5284253,0.5644054,0.44370562,0.36267152,0.19186741,0.4018298,0.59556127,0.63652134,0.8822407,0.40600002,0.026298895,0.8195578,0.35924223,7.30131034742854,1.0129005096567432,0.16858988255262375,2.0406295845809947,0.37385950592094286,bad
0.39269856,0.5036788,0.30889854,0.4833807,0.41146845,0.4829819,0.31731722,0.39028424,0.65475,0.59048325,0.3892875,0.3285968,0.20934796,0.33776814,0.40123352,0.6611361,0.7966433,0.4691231,0.04280504,0.7532731,0.52350414,18.493906607428173,2.453849318376046,0.14802943542599678,1.243817842735644,0.38308891675543344,bad
0.41695875,0.4453796,0.41506755,0.5003298,0.33774084,0.36932686,0.31700134,0.31266907,0.4131947,0.59831434,0.38080233,0.41222945,0.20404534,0.34419566,0.5781696,0.6699434,0.79817015,0.45684743,0.018394828,0.77391624,0.47576833,25.069447154991934,4.257083134617315,0.15583088994026184,1.4415523370641317,0.39522376575781254,bad
0.49000168,0.5501626,0.59636384,0.5603647,0.46224004,0.47185335,0.41001675,0.4470909,0.67119914,0.62593627,0.48701808,0.3421539,0.27569762,0.45071876,0.58025706,0.66644424,0.89807045,0.28156367,0.09248028,0.83616674,0.49288908,32.270515256035694,-0.3029191442550721,0.12053773924708366,1.7387363176473718,0.3512951543325436,bad
0.67165923,0.5105313,0.47872496,0.7151084,0.44961983,0.49394676,0.6043027,0.4010209,0.39164007,0.74968946,0.43197855,0.2717726,0.41321248,0.3412416,0.39130595,0.70775694,0.71601146,0.18689683,0.05565821,0.84160453,0.22745593,73.87000599534443,-333.5720936800804,0.11829242669045925,3.0255947132653147,0.34328986498838526,bad
0.60487413,0.58528095,0.36874864,0.66840994,0.5241094,0.44403043,0.5522652,0.47397706,0.4191241,0.73349476,0.4980766,0.29425633,0.406803,0.35538328,0.4748524,0.6627765,0.82629776,0.20182602,0.02987793,0.78894055,0.27273974,67.58216087262332,15.403425900779714,0.15367276966571808,2.5201512516750504,0.3437743070395807,bad
0.23930514,0.5097003,0.26529723,0.31269562,0.40905318,0.56033945,0.1806443,0.4235511,0.6855712,0.4964084,0.3708667,0.41800746,0.12912491,0.41474563,0.2693879,0.68771917,0.834911,0.36066374,0.09239395,0.79168904,0.43800735,48.60559325385343,352.1759610827023,0.1099434420466423,2.0610154220441936,0.3687549055194522,bad
0.429806,0.6305358,0.34378326,0.51467234,0.5561007,0.37992394,0.36379045,0.5276118,0.75130314,0.6057727,0.55544823,0.36928672,0.2627408,0.46529204,0.42142776,0.7098813,0.83149314,0.41510803,0.09634568,0.76839536,0.5709853,32.43303445024732,3.649566559099571,0.09688650816679001,0.8519734946893567,0.3496325952259379,bad
0.5174758,0.5886297,0.52583486,0.5865109,0.5141888,0.67913985,0.44821098,0.48979557,0.4242544,0.6718179,0.49655083,0.4074321,0.29622763,0.4242568,0.49179065,0.69634837,0.8007178,0.39477503,0.08526801,0.77967966,0.5055541,60.477355219234994,6.0565010929015966,0.10919180884957314,1.4137764980201837,0.3794837437824757,bad
0.25420287,0.5883552,0.48237106,0.33687246,0.5054326,0.49837288,0.1842124,0.46822694,0.4265243,0.51612407,0.44483966,0.3908551,0.14139698,0.38258624,0.26842263,0.6965263,0.84043485,0.31329155,0.07973244,0.7869688,0.512727,64.17942496239968,6.638835186073892,0.11187063530087471,1.3895292609121492,0.37762461554762283,bad
0.46649837,0.41275004,0.4899773,0.5371637,0.35444653,0.41752434,0.38324684,0.3430239,0.44285172,0.6002824,0.45994332,0.51233435,0.26916078,0.42948228,0.5037799,0.6780787,0.8855453,0.27863646,0.05282639,0.9245285,0.25114214,22.737055707731372,-354.13696403727914,0.13454744964838028,2.483165044496059,0.33190878203845064,bad
0.52607185,0.42195934,0.52466595,0.57104874,0.3592253,0.4514768,0.44731376,0.33555114,0.38955477,0.625572,0.40699703,0.37296087,0.30387765,0.4224384,0.5248627,0.6905468,0.9203766,0.22510023,0.15369523,0.92259604,0.18945165,19.31006415034952,-351.6563106322434,0.07787898182868958,3.110333210308525,0.3219027661054875,bad
0.43026367,0.5457018,0.37218133,0.48905855,0.49391186,0.58877355,0.3667369,0.47170138,0.63123953,0.5416113,0.5378368,0.48276147,0.2638121,0.5102663,0.697847,0.6190233,0.89697224,0.5822282,0.10688201,0.8959674,0.38583383,19.51814642419434,7.670569644673744,0.13704733178019524,2.1996689956582425,0.2785677298252641,bad
0.30352047,0.552744,0.5466643,0.36645797,0.4909173,0.41098556,0.24746267,0.4850715,0.37992337,0.48385468,0.53207433,0.6125083,0.19379969,0.5253125,0.56279904,0.61218804,0.90610516,0.46974418,0.08412358,0.9053159,0.47769114,13.067972227383649,2.0458590263045227,0.15184418857097626,2.2545386618461567,0.2900993230862066,bad
0.58000576,0.5770576,0.3919065,0.647182,0.5049136,0.6387495,0.49207592,0.4832492,0.4909392,0.7261422,0.5135947,0.3607978,0.3448551,0.47761658,0.6695052,0.7446032,0.8250255,0.39809385,0.10392325,0.777646,0.5025002,61.2204930459404,2.805683474981728,0.07573676481842995,1.4698976095428058,0.3822407454010185,bad
0.6765768,0.6142476,0.38701147,0.7276624,0.52807593,0.6053529,0.59066254,0.5110532,0.5359343,0.7778046,0.50124913,0.40190363,0.42234272,0.47311825,0.63386774,0.71569693,0.7610697,0.20349249,0.11097472,0.77617973,0.50359404,83.87966306505285,-353.6023708924017,0.08666417375206947,2.090060609667633,0.3560874776883522,bad
0.18319348,0.6149641,0.3372293,0.2749526,0.52161133,0.4039499,0.12705171,0.5315246,0.6030075,0.4523995,0.4784891,0.45758304,0.06699828,0.4597698,0.26745385,0.6646204,0.82178473,0.3552856,0.058700603,0.7437191,0.3529843,83.81019383362468,351.60289486391343,0.13833949901163578,1.4746143249547532,0.3856568437729698,bad
0.5259805,0.6108214,0.35949624,0.600084,0.5207294,0.36761695,0.4531993,0.50825214,0.5695727,0.67434573,0.47255364,0.31245646,0.30861077,0.41422617,0.5274194,0.6714559,0.90545374,0.2945006,0.07812551,0.83027637,0.45473814,49.9268407321334,-1.7830432225461723,0.1252092868089676,1.6645795305329971,0.36834188172082377,bad
0.7023631,0.572635,0.52952486,0.74408996,0.51180077,0.4730261,0.6364707,0.46689707,0.35576004,0.7598056,0.514275,0.25537717,0.46353036,0.3863263,0.58137083,0.6736822,0.9018989,0.24342895,0.10176044,0.803358,0.45652488,58.29609832592706,10.013542978821784,0.11227867379784584,3.354585105459299,0.3114283914807031,bad
0.6033541,0.51252127,0.40428913,0.69557106,0.5028332,0.31520778,0.5649573,0.4036176,0.37673283,0.73558676,0.60400456,0.3364836,0.47247145,0.35289836,0.3741718,0.6948454,0.90541595,0.18908179,0.11645359,0.7574182,0.41036323,42.13711160811667,18.807042579278402,0.09435051679611206,2.064264642660491,0.3235702823951496,bad
0.6485067,0.55274934,0.41514924,0.7029235,0.5029985,0.4906693,0.57953787,0.43328735,0.3273892,0.7276592,0.53115153,0.32879338,0.4176764,0.38108304,0.57104015,0.6675817,0.9033939,0.24504118,0.076783754,0.80578834,0.28551987,55.08980507660925,15.900920057014396,0.1278172843158245,2.665677524948429,0.3297835189637145,bad
0.25338504,0.48637596,0.25527054,0.2683839,0.390801,0.36310703,0.16400224,0.5020673,0.43058813,0.36458856,0.36972368,0.28537837,0.09134417,0.6321101,0.42023858,0.69243217,0.79505867,0.33199883,0.08484013,0.8698622,0.34970865,31.740507497261298,-33.365692443026404,0.11136385425925255,2.190135378504755,0.33673243584135004,bad
0.24241307,0.685198,0.35728946,0.2552285,0.56086016,0.41604233,0.1635507,0.6546664,0.40925306,0.36322433,0.40547392,0.23950037,0.08418579,0.6833107,0.2446876,0.6884767,0.80143106,0.2771248,0.11381175,0.88009506,0.19680469,67.53272100994256,-31.641355108892327,0.09885578230023384,1.7046967842502647,0.15,bad
0.49104747,0.45589513,0.2932931,0.5837672,0.38637426,0.51473624,0.39860862,0.37034097,0.5286131,0.66561925,0.48900083,0.34371385,0.27051926,0.4643053,0.44707203,0.7213438,0.8653409,0.22505133,0.07744697,0.8580638,0.2505046,24.91350754834592,3.230169426301814,0.10060460865497589,1.7130595344624473,0.39553389117446097,bad
0.43750852,0.60791594,0.23892933,0.5286713,0.5162225,0.5517221,0.3535243,0.5048312,0.4687163,0.637175,0.5294036,0.38566184,0.24637397,0.513233,0.5425755,0.75265855,0.8470808,0.19702995,0.079074755,0.8392067,0.29336137,16.403066884232643,2.290281979205132,0.08413334935903549,1.013618421987848,0.3909891991802708,bad
0.53635395,0.47647038,0.40193844,0.6153578,0.40615168,0.66761994,0.45437822,0.36915419,0.53658366,0.70489717,0.44462496,0.43984848,0.31881484,0.39171034,0.6218362,0.74825835,0.8270921,0.30581275,0.10413975,0.7609604,0.60630906,33.76240830423839,5.376761494760077,0.0738009475171566,1.6063760773423066,0.3881166508754568,bad
0.49368516,0.5385015,0.37600985,0.4925876,0.40341392,0.44173056,0.35947314,0.46879908,0.29900864,0.51081043,0.34710425,0.25812355,0.17818405,0.56658894,0.44369754,0.5379587,0.47885638,0.10568628,0.08574332,0.8255725,0.29616416,60.15298796912006,9.676553123114735,0.18814899772405624,1.4157692874384422,0.37113060101834977,bad
0.60631543,0.37290165,0.50158453,0.6882162,0.3708358,0.35174534,0.565554,0.2938463,0.31728286,0.7479735,0.4810219,0.4225379,0.45875672,0.29230532,0.3839274,0.6458989,0.80875283,0.14818896,0.09128543,0.7259466,0.34363407,41.55155931052357,18.819023841245574,0.13140784576535225,2.7993279360423977,0.32199254242894415,bad
0.50233865,0.5928323,0.40059394,0.56854826,0.50692177,0.6101533,0.42218235,0.50652885,0.5112345,0.6383559,0.4592995,0.41239277,0.28507,0.4407737,0.5630576,0.6870837,0.83930516,0.38608727,0.09514408,0.76709175,0.6283208,52.60436091046856,-5.1124178868101975,0.10888610035181046,1.318871747723316,0.35355902821994734,bad
0.4431511,0.39307097,0.3720731,0.5062703,0.34195203,0.3803595,0.3815637,0.32872128,0.46718013,0.5805713,0.46560407,0.45217964,0.28424847,0.43956915,0.6130371,0.66484433,0.87664664,0.4247568,0.08141263,0.86978406,0.4364487,13.296103317574065,4.044068731215126,0.1268715187907219,2.9324602261854973,0.2969654648498254,bad
0.448987,0.6481551,0.379386,0.51863414,0.5569387,0.47653374,0.35985163,0.54317,0.5938747,0.58671236,0.5890308,0.38491258,0.2538999,0.5647704,0.65997255,0.68505865,0.90559864,0.41144028,0.096503265,0.8683969,0.37596267,32.11353161038366,1.0068796552051937,0.10921904072165489,1.183721303108446,0.33330946787243215,bad
0.45238405,0.39281055,0.56403375,0.52189136,0.3346359,0.44784945,0.3851422,0.3065678,0.43616462,0.608495,0.42210224,0.43626666,0.28514117,0.39707744,0.6511972,0.67137367,0.8874902,0.3986258,0.102013424,0.8867558,0.38717642,12.805627758834916,8.695959050872915,0.1133064553141594,2.7212297131063634,0.32389806702620566,bad
0.3704564,0.41363013,0.5397722,0.44487432,0.33407927,0.55272007,0.31186154,0.32971412,0.30776805,0.56112254,0.41745093,0.55947924,0.23937662,0.42556632,0.59263027,0.6498106,0.8592263,0.4213192,0.07535639,0.9106408,0.4115484,5.488248882529433,-354.74977593761116,0.13741650059819221,2.6573250480734356,0.3218034821952647,bad
0.29644722,0.55155116,0.2570475,0.3812201,0.4527184,0.6447938,0.22775272,0.4538928,0.5386454,0.50691307,0.43682554,0.48483005,0.15934321,0.4328047,0.5069601,0.6659477,0.87733305,0.31784612,0.07085402,0.899357,0.4974592,22.55539380754921,1.261114497961738,0.13159915059804916,1.7113699101137745,0.34758293511803917,bad
0.5311235,0.5877585,0.3117833,0.5843815,0.5146522,0.4536852,0.46357492,0.49934608,0.4047463,0.6617848,0.47980523,0.24524724,0.3137638,0.43066156,0.36036763,0.57797146,0.62359,0.042390168,0.07087962,0.90438914,0.2157511,83.47034523995967,-332.0182874910802,0.17557445913553238,2.021777592395593,0.15,bad
0.37701952,0.40694392,0.41489786,0.44292963,0.38132495,0.38314104,0.31154302,0.34984198,0.397456,0.4889533,0.48513433,0.39051348,0.1758482,0.4451109,0.55481815,0.43808937,0.86116576,0.2955211,0.021876188,0.81917423,0.30351278,26.66101601419666,5.861029367977723,0.2700172206386924,2.671635548707307,0.31454070273415335,good
0.6575968,0.40180218,0.5432271,0.71866375,0.3570577,0.5738456,0.5753325,0.329881,0.32257292,0.7650337,0.4298204,0.2983557,0.43448776,0.4605969,0.52792263,0.8466631,0.8833676,0.3010278,0.30161485,0.8362895,0.422693,14.306708992120008,4.387040888099625,0.07413898408412933,2.4418357777336324,0.3313509151335,good
0.6845248,0.468137,0.5604938,0.7426534,0.4066761,0.51062834,0.6014206,0.38444492,0.48224288,0.8097262,0.44093677,0.33445898,0.46310082,0.4404765,0.61026305,0.85631406,0.9011211,0.2284197,0.30215365,0.85497355,0.4171479,21.789942534350203,3.159126542597653,0.07923385500907898,2.2850352394567213,0.3466255297567953,good
0.67398167,0.43257147,0.4694733,0.73875266,0.38225034,0.59103936,0.59891236,0.3631861,0.45598486,0.7937147,0.46418267,0.41259268,0.45251843,0.46575087,0.44229102,0.8077576,0.8651427,0.24912257,0.29851642,0.84329706,0.43640998,25.682072875919772,3.995218958490791,0.05313701927661896,2.408342958553768,0.34119829596086004,good
0.7164877,0.40859592,0.52925956,0.76491296,0.36439025,0.3852158,0.639118,0.34676835,0.45567083,0.8004262,0.42371583,0.3553307,0.4717041,0.4362804,0.45195982,0.8114277,0.86496323,0.22184606,0.30391836,0.8385557,0.42541054,29.531283594260714,3.762833188560229,0.05767303705215454,2.912277908570664,0.3288571317853832,good
0.6221738,0.44536152,0.56225854,0.68873316,0.38027525,0.43227842,0.5622977,0.36586246,0.4676349,0.7572952,0.46638012,0.4648027,0.44738477,0.4594038,0.5732878,0.8603525,0.8944043,0.27293178,0.30297497,0.8389995,0.4126799,5.322332597903198,0.6229916490687013,0.08166374266147614,2.51063484639989,0.3099545814277981,good
0.6561685,0.4447281,0.6161654,0.71218646,0.388405,0.30469754,0.5814417,0.3823912,0.37074426,0.7741786,0.50664103,0.28437838,0.4425643,0.4914378,0.40836138,0.81555885,0.9147775,0.25535738,0.3146365,0.83510923,0.44152883,13.652496558792123,-4.8264735007677775,0.06509767472743988,2.5627659417109525,0.331810291610659,good
0.5221163,0.4648296,0.4774494,0.5768383,0.3994011,0.62044406,0.44637078,0.37602016,0.47957945,0.62205607,0.4570937,0.32255158,0.32325968,0.42556304,0.71908104,0.68268275,0.87862056,0.37348646,0.14050965,0.8476905,0.46219644,24.248427084176242,5.205081081490388,0.08840379863977432,2.4197109952307354,0.2997307245884547,good
0.51546246,0.43250886,0.4555631,0.5717779,0.3757562,0.4833067,0.45362312,0.35353857,0.40178213,0.62449205,0.44716883,0.30331492,0.33348018,0.40567172,0.5310506,0.68531346,0.8887992,0.35589534,0.15058184,0.83907443,0.36632374,17.166915987270826,4.037918402395905,0.08205235004425049,2.832169431036214,0.2926713843057752,good
0.51421946,0.44892418,0.5918793,0.56959075,0.3803089,0.4333327,0.44773477,0.3641486,0.44577584,0.6239986,0.46033835,0.35969687,0.33043054,0.41048223,0.53599614,0.68698066,0.8916203,0.37187177,0.1523252,0.83959436,0.35095966,17.41031765978059,1.5060856170936856,0.08034706860780716,2.666293445368238,0.2959398008638416,good
0.49540463,0.43031687,0.5174323,0.5528299,0.38152406,0.658234,0.42672104,0.35420907,0.4242497,0.6104728,0.46664208,0.48888907,0.31202656,0.4233285,0.5520534,0.6926227,0.88444245,0.3911552,0.13690051,0.8530928,0.3690647,15.310662802834614,6.804328679911982,0.08523838222026825,2.6500987036031396,0.3002090019682281,good
0.43972212,0.43297833,0.5016259,0.47920406,0.39517155,0.5120082,0.38102773,0.3831504,0.40695956,0.51601166,0.45344692,0.33476812,0.27590683,0.46019736,0.5803807,0.60133946,0.8777583,0.19784231,0.15357457,0.86802703,0.19287236,12.015969021911587,4.313123140646488,0.12254298478364944,3.4056351188221328,0.24015819549042056,good
0.38085383,0.46743235,0.60637426,0.4308302,0.41117144,0.50529826,0.31819928,0.38140213,0.42996594,0.4677709,0.44943938,0.49807587,0.19815376,0.39275157,0.64777696,0.5160052,0.8665205,0.30330864,0.019800572,0.79511154,0.3110314,22.854625381448287,5.05221323109044,0.23209710512310266,2.569325296200753,0.2729487130826581,good
0.3635515,0.4971234,0.48119992,0.42423612,0.4395842,0.66690063,0.29995582,0.40703467,0.43954676,0.46749544,0.4746673,0.4696214,0.18105263,0.42260814,0.67126524,0.5169222,0.8818038,0.28099206,0.017020201,0.7971689,0.25913632,20.87660068579497,3.876482278320082,0.23302881140261889,2.165998813652993,0.28909159553639535,good
0.3763692,0.49089235,0.4795522,0.42829335,0.431849,0.56153834,0.31097296,0.3947735,0.36344218,0.46883422,0.46163157,0.3929327,0.19037646,0.40511382,0.5773078,0.5042596,0.8811341,0.18563381,0.021967756,0.8021557,0.20838603,23.7010564721909,6.332024465842462,0.23688632901757956,2.3754393555764506,0.2816655704802557,good
0.37306997,0.5041237,0.53368133,0.43118888,0.44013992,0.6625241,0.30446354,0.40504566,0.4697381,0.47439486,0.4839454,0.39461195,0.18112707,0.42478782,0.7034574,0.5204555,0.88481724,0.27717197,0.01631537,0.8118702,0.2542987,23.917847074351073,5.5398263138678585,0.23161457479000092,2.152379380922518,0.29660500745874635,good
0.38467875,0.50502944,0.67539716,0.44294485,0.44781563,0.40756983,0.31961378,0.40732348,0.49161178,0.47564697,0.4892635,0.36481768,0.19394991,0.41188478,0.6316781,0.5089919,0.88480157,0.27222452,0.014669864,0.8094897,0.3255496,27.738467362070622,7.31468483409871,0.23816911922767758,2.239729505444103,0.2876129100516698,good
0.5520623,0.43176323,0.6243308,0.60238653,0.3792716,0.4227033,0.4886713,0.34946355,0.43375582,0.64257735,0.4254336,0.41324866,0.36806062,0.39258808,0.6635594,0.6612924,0.86738944,0.3007943,0.18643482,0.7509267,0.53371674,20.559237119203928,0.6996218540596771,0.07613640278577805,2.6811607282006302,0.27561980513659334,good
0.57229227,0.46625748,0.7087087,0.6207161,0.40330654,0.7169039,0.5041853,0.37746748,0.48932907,0.6499926,0.4365141,0.46502006,0.3770231,0.40690804,0.6989906,0.6639322,0.88229865,0.32692015,0.18305902,0.76275414,0.5805286,26.597655041908865,-1.1194887739215895,0.07650438696146011,2.5889732068587925,0.27387110410386745,good
0.553452,0.45091474,0.7361589,0.5962304,0.39030522,0.6013067,0.48844117,0.3745433,0.57390606,0.626099,0.4330317,0.39454323,0.3634802,0.40988353,0.77441025,0.665839,0.87457347,0.297278,0.17883128,0.7687053,0.52424836,22.357479391355312,-3.0012400214791093,0.07766485214233398,2.8349402488037283,0.263192007219135,good
0.6486453,0.32005057,0.6043222,0.6932626,0.2609519,0.5354116,0.5776193,0.23633724,0.4561475,0.7181382,0.29599342,0.26873702,0.42768914,0.2661674,0.68491864,0.7789841,0.78095883,0.37941173,0.22711684,0.69411516,0.80284035,24.21268254900201,2.3389692457784843,0.003050483763217926,2.9486544257953216,0.29130922534420456,good
0.6472275,0.29807025,0.67112255,0.6849667,0.25216827,0.38671663,0.5781887,0.21939413,0.57193595,0.70645404,0.29316455,0.30405352,0.4347837,0.25850186,0.6753114,0.7731545,0.77459335,0.28899264,0.22990482,0.69653404,0.8498419,22.892473502571164,6.812941012996418,0.0015296563506126404,3.276545875592263,0.27291137666083765,good
0.5228078,0.39084008,0.5537588,0.5764471,0.32547635,0.71115303,0.460629,0.31773996,0.6242887,0.6284521,0.3535717,0.5313282,0.35592288,0.3349407,0.59570503,0.729456,0.7447894,0.6765239,0.20521632,0.7270126,0.6569059,14.882334065585496,1.4111706904933672,0.03266383707523346,2.2823923510761417,0.2728872313191572,good
0.5244829,0.40395525,0.59704363,0.5842284,0.33550715,0.45314032,0.46181285,0.32774258,0.55732656,0.6342966,0.35901022,0.47194356,0.3560289,0.34097674,0.6578276,0.7319172,0.7537219,0.6419487,0.20435447,0.7310839,0.5999688,15.511377287925086,0.8802607179010946,0.031864166259765625,2.12163307695424,0.2785961792899413,good
0.5258603,0.37765762,0.5319133,0.583194,0.3204623,0.5515254,0.46261165,0.30032802,0.6180426,0.64310265,0.35666415,0.593879,0.36423507,0.33627245,0.75623894,0.7301058,0.75345004,0.69499683,0.20422956,0.72950524,0.63520193,14.402969430847321,5.182189518522357,0.0328323096036911,2.296710308525502,0.2792866316748624,good
0.529859,0.38696194,0.72931266,0.5895102,0.326745,0.68016446,0.47012943,0.30747887,0.49490127,0.6458902,0.3588417,0.5555377,0.37016255,0.3338846,0.69944215,0.7304722,0.75399876,0.7097775,0.20789412,0.72856945,0.6874416,15.312099674078212,4.811252611933525,0.030816838145256042,2.266743351229921,0.27636223053819664,good
0.51629007,0.53632015,0.5228274,0.58398414,0.47328547,0.55885595,0.460146,0.45529065,0.53489804,0.66703504,0.48822656,0.6545054,0.38215122,0.4563152,0.681255,0.7368411,0.90096325,0.44126436,0.23635672,0.81454605,0.6854236,2.742187016188552,-1.1591007456959888,0.013401098549365997,1.9498652536383312,0.28588740567037435,good
0.5171831,0.5184508,0.46376553,0.58728325,0.45395884,0.5522014,0.4613369,0.44262627,0.5219668,0.66493857,0.47734746,0.5669024,0.37774017,0.4460986,0.7040166,0.7333413,0.9040764,0.4842059,0.22874561,0.80771905,0.7081714,3.3676392334872958,-4.289730866328226,0.018956556916236877,2.0252459785199926,0.28815307462795814,good
0.5190191,0.51654214,0.4767541,0.58777267,0.45298797,0.55423176,0.4642599,0.44222444,0.6125558,0.6609639,0.47969815,0.59152246,0.3804925,0.4493743,0.77297926,0.73638,0.90924233,0.429494,0.22607991,0.8068298,0.64466393,3.1791384127314473,-4.820330832060877,0.01877005398273468,2.091621983616894,0.2813919631294894,good
0.5282514,0.5783387,0.47811922,0.6068481,0.51532894,0.5717164,0.46717146,0.49429008,0.57533276,0.69217014,0.50995857,0.47992077,0.37327445,0.47006974,0.59318453,0.7360441,0.911666,0.44149616,0.22561629,0.804891,0.6460966,11.765546265350594,-2.4711487807673302,0.019169799983501434,1.53127332286815,0.32029591037098326,bad
0.52203953,0.5730179,0.52690995,0.60164905,0.5106562,0.63596106,0.46276784,0.49115565,0.5981984,0.68450296,0.51257986,0.5737816,0.3705014,0.4661773,0.4624412,0.7306304,0.9125931,0.41311067,0.21746475,0.8032943,0.6428137,11.20034730457698,-3.064280150723754,0.025952428579330444,1.5683382785734394,0.31592428302392106,bad
0.5154956,0.57964736,0.43440202,0.5914468,0.5169764,0.6092744,0.45334855,0.49686244,0.46065602,0.6725453,0.5168188,0.57047355,0.36593828,0.47548187,0.6205282,0.73009044,0.91320556,0.4196391,0.21321236,0.80172044,0.6335764,10.138124310992069,-2.95484950181014,0.02834860235452652,1.5327169386665176,0.30817047874430603,bad
0.503236,0.5604505,0.4372552,0.5714486,0.50014424,0.51158565,0.4444616,0.4864523,0.6384482,0.6447091,0.5346209,0.5253584,0.3553612,0.49446735,0.64094186,0.69902515,0.9461719,0.3009973,0.21182701,0.8294477,0.5587051,5.602578991019996,-5.563370542104938,0.04457391798496246,1.963329177633333,0.2909108785090989,good
0.507859,0.5765837,0.5419889,0.577241,0.51475155,0.6465485,0.44874594,0.5010207,0.405434,0.65413547,0.53950775,0.6120228,0.35792318,0.509335,0.6883616,0.70061636,0.9507829,0.3121062,0.21450971,0.8291453,0.574543,7.061083686876984,-6.047003926966364,0.04243696480989456,1.8645724206973966,0.2970754379786162,good
0.4951752,0.530811,0.56120646,0.5517971,0.4891886,0.5745553,0.4475792,0.4777256,0.51353705,0.61526245,0.5499671,0.66787577,0.37179935,0.5159781,0.44392657,0.63333297,0.90968215,0.31146008,0.23107131,0.84584445,0.3285135,10.899794629063592,-2.0717367323486107,0.06779786199331284,2.5602070002988127,0.24479401618954869,good
0.52116865,0.53985345,0.42710254,0.5774841,0.49398762,0.5489519,0.4712782,0.47538665,0.55636644,0.6321149,0.5491173,0.5671514,0.37840146,0.51136726,0.67773765,0.6401257,0.90736485,0.27310857,0.23005876,0.83339757,0.3712651,17.410989675432035,-0.22114966015557383,0.06490777432918549,2.449767497952121,0.25528827719348407,good
0.5068325,0.55057895,0.57992625,0.5700146,0.50161743,0.62288094,0.45733613,0.48542047,0.5481884,0.6269841,0.55312353,0.5374397,0.37516972,0.51403457,0.6346909,0.6586538,0.92378694,0.292657,0.2273984,0.8311828,0.48309052,10.656140603493085,-2.9956327690940214,0.0569739043712616,2.235444378533078,0.253515206432145,good
0.50568813,0.5599134,0.4304774,0.5680554,0.5124955,0.5566551,0.45416877,0.4923676,0.51486754,0.6291211,0.5445584,0.49110988,0.3787463,0.50178605,0.54489416,0.6607592,0.92484087,0.2671236,0.22876674,0.8307198,0.37022966,10.493125447214396,-1.7298588051322965,0.055237025022506714,2.141853466683087,0.2524215355500978,good
0.49667445,0.7376656,0.44002375,0.5703941,0.6795932,0.6766248,0.43613616,0.6494047,0.46173874,0.6292626,0.6830911,0.44972244,0.33535704,0.6011885,0.6282731,0.61160266,0.9204267,0.43602356,0.19536217,0.7872593,0.5635201,73.16583285566406,-3.92050922613796,0.09651758521795273,0.9370370564919194,0.30025616697464863,bad
0.47964498,0.7071383,0.3555768,0.55262166,0.64377403,0.65229166,0.42647216,0.6236626,0.50695586,0.62460476,0.6484879,0.40639576,0.33207026,0.59700817,0.5830779,0.61894995,0.9216411,0.4110452,0.18493946,0.79190594,0.3840205,52.5060211034679,-5.817840618496442,0.09805529564619064,1.0743922356356406,0.2950714352798768,bad
0.47413754,0.6961336,0.43779087,0.54703766,0.62533456,0.47002247,0.41577244,0.6155814,0.47492468,0.61829305,0.62705195,0.49805817,0.31915194,0.5857727,0.5657799,0.61903024,0.92053956,0.40207574,0.17405112,0.7918201,0.46320036,49.82005329531768,-9.051234486210877,0.10345932096242905,1.0871936598262177,0.300738906948396,bad
0.47024652,0.68846095,0.4852535,0.5428302,0.6186771,0.5973935,0.41270304,0.6069123,0.41537762,0.6076581,0.6251347,0.51576746,0.31879884,0.5824975,0.6140076,0.61746013,0.9219739,0.41271773,0.17141694,0.78763795,0.48557693,45.7453397511741,-8.849196123875288,0.10556146502494812,1.1192929414851214,0.29062390253750187,bad
0.3936885,0.6455561,0.45913646,0.45634308,0.5752569,0.5940237,0.32810068,0.5580677,0.43121344,0.5312826,0.5837585,0.52899694,0.23880929,0.53938717,0.6512259,0.57721794,0.9375775,0.36415765,0.07936276,0.77786016,0.57390887,25.11708893472951,-7.788150345767449,0.17170965299010277,1.3347714087883265,0.29436048975241397,bad
0.48736918,0.4664802,0.581603,0.5656337,0.40167865,0.38821626,0.42737314,0.36985672,0.44472858,0.64208335,0.4528111,0.4923611,0.327958,0.37439942,0.47519657,0.6595532,0.861329,0.47545078,0.1703621,0.63261944,0.36776108,10.526063078296275,-9.529094513047946,0.08504236489534378,1.5857137342561327,0.319582869449048,bad
0.35782158,0.49418804,0.46791226,0.4268316,0.42465705,0.6910227,0.305813,0.41774586,0.3935942,0.52141285,0.3987015,0.50528115,0.23152956,0.38710704,0.6395118,0.63788,0.76329595,0.75044405,0.13100713,0.7213665,0.76931673,16.75844256340946,-1.0975985832100181,0.11555641889572144,1.552072601104844,0.2900136839560907,bad
0.39633414,0.4343385,0.5087092,0.45685568,0.35905978,0.7515727,0.3240279,0.35761833,0.5671048,0.5302665,0.38421935,0.661268,0.22580563,0.3782674,0.5131815,0.6341552,0.7639016,0.752825,0.12665315,0.7181659,0.81646216,2.1824717519724572,-3.400388867703941,0.11959581822156906,1.7358169691756515,0.3044936211768664,bad
0.41673312,0.5002227,0.34643596,0.4846616,0.3707653,0.42670155,0.3099589,0.3951465,0.31608537,0.5208872,0.33149385,0.2491453,0.09203492,0.38787448,0.25966862,0.6135207,0.74033326,0.44847092,0.009255101,0.7034377,0.18675756,57.36508383565754,351.4027210759972,0.1886121085844934,1.120443909452924,0.15,bad
0.1591032,0.41538697,0.45752296,0.26453266,0.33646548,0.34938443,0.107280225,0.33756346,0.50193065,0.44979778,0.34798202,0.51403105,0.051003408,0.33996403,0.24618445,0.5893096,0.6926075,0.5950784,0.01879745,0.68177754,0.33072722,53.74677959403822,358.88428654850986,0.19594648852944374,1.5906320846041062,0.15,bad
0.32485855,0.66438884,0.4234618,0.4002998,0.5974712,0.73815376,0.2681346,0.5803546,0.4826419,0.49641702,0.5613867,0.60737026,0.19221072,0.533658,0.6242142,0.5809643,0.81741416,0.57001173,0.10043045,0.7419815,0.5992955,73.45083705396112,-1.166826311496984,0.15930261090397835,0.6621135714369695,0.3049163258042342,bad
0.3779899,0.6560858,0.43380275,0.44566053,0.58883786,0.62781787,0.30975637,0.58154225,0.47583437,0.52054274,0.5700038,0.33872363,0.2189571,0.5487354,0.6776978,0.5906767,0.7945555,0.5697372,0.101854116,0.7655517,0.4748585,67.73873260667489,-0.2424404466904472,0.15373457968235016,0.7222716446495592,0.30200719459176206,bad
0.49292505,0.49203306,0.29792345,0.51908857,0.4558874,0.30322972,0.44072828,0.4476961,0.2797505,0.5315936,0.47286806,0.25678498,0.26506755,0.48143494,0.4526104,0.5747805,0.77271783,0.47819605,0.08456482,0.73483044,0.39834195,44.2681027403751,1.165389351327266,0.170327328145504,3.2482903932068243,0.26660350793891113,bad
0.36054784,0.5731787,0.5928315,0.42415866,0.5051453,0.6138543,0.29596764,0.4990553,0.420004,0.49404803,0.50469613,0.51203877,0.21040308,0.5024351,0.5651959,0.5803851,0.798687,0.6100073,0.0768708,0.737703,0.61889315,19.541031312765867,-3.1497447340359535,0.17137205600738525,1.167085061996112,0.28365001353210795,bad
0.3440063,0.5617564,0.504164,0.40789902,0.49292985,0.7252665,0.28126803,0.49236512,0.6722249,0.48037156,0.50869805,0.67375237,0.19398278,0.5043279,0.7297749,0.5847637,0.8022426,0.5377563,0.06687968,0.7298022,0.57721066,7.262229490592759,-5.797254754995722,0.17417830601334572,1.2182966806344808,0.2864075395826441,bad
0.3314228,0.5665495,0.48294353,0.3988827,0.49614355,0.5135726,0.26641434,0.492192,0.53295046,0.47661293,0.5101662,0.6853594,0.18410562,0.5006461,0.516897,0.58107233,0.8105122,0.63344824,0.058951665,0.7320163,0.5087561,2.3286374141964927,-5.151591442896632,0.17998800240457058,1.1619455905886573,0.29259443728015677,bad
0.3266536,0.5581725,0.48693615,0.3899903,0.4906755,0.6965193,0.26434794,0.48878226,0.6904546,0.4652692,0.5133603,0.6555643,0.18390526,0.5046918,0.61791956,0.58160347,0.815045,0.64445865,0.05773648,0.737694,0.64821196,1.7949439576119488,-5.671711703112807,0.18033002689480782,1.3035908214059397,0.28143905234269095,bad
0.25869817,0.36381412,0.6552813,0.32679003,0.2999174,0.7477318,0.19107263,0.28391728,0.5400964,0.40885937,0.32773826,0.62723947,0.10469448,0.3018252,0.68260145,0.4999589,0.6598083,0.66198134,0.021160234,0.5431312,0.14960042,11.462495820073926,-5.304437950601322,0.23944043181836605,1.30829715430613,0.3047851603093602,bad
0.31705004,0.5906932,0.48281437,0.38502926,0.5172174,0.61827886,0.25241038,0.51166874,0.60060924,0.4671392,0.5203622,0.5493551,0.17364909,0.50106657,0.61868435,0.565154,0.83933145,0.5003233,0.050380945,0.7336026,0.5109711,0.8947321479152208,-6.959807287301642,0.19223251938819885,1.108825029235815,0.29384670374390875,bad
0.35225797,0.44685462,0.5658761,0.41970327,0.36966312,0.505316,0.2870222,0.36414596,0.6235519,0.49686652,0.37435737,0.5306456,0.19934057,0.3639916,0.6564928,0.5743519,0.69605464,0.7128899,0.0682648,0.57724106,0.6112143,16.286388449463246,-8.19981606002046,0.17869164794683456,1.0973676865797164,0.2976275114249286,bad
0.36601824,0.47004196,0.6278813,0.43134284,0.3984982,0.6684494,0.30669433,0.38129413,0.62253845,0.49982354,0.39848012,0.45190737,0.21174507,0.3635452,0.72949266,0.56597596,0.72329146,0.6250645,0.051269837,0.59021413,0.3596954,30.538644146546133,-5.064220665412837,0.19137709960341454,1.207673073328851,0.2892675369482703,bad
0.5054879,0.54649794,0.5267236,0.5811856,0.46126044,0.4553969,0.43027106,0.4428341,0.64089364,0.67402464,0.49276084,0.48750106,0.32946238,0.4541164,0.47270095,0.7907972,0.89410883,0.68263495,0.16181032,0.8842268,0.61363137,9.291669384660239,4.557072714007958,0.023696251213550568,1.7067701350836892,0.34577909959033737,good
0.6164297,0.530295,0.5905198,0.6668561,0.45427272,0.4258042,0.5289878,0.42630404,0.47944984,0.7274846,0.46670902,0.36891907,0.39480323,0.420726,0.503687,0.77887404,0.91016316,0.41333783,0.18577902,0.875847,0.52169204,32.9643059516808,6.166370338845172,0.017673470079898834,2.174830845195807,0.3344641343008285,good
0.38698918,0.5573694,0.390283,0.47807956,0.46926054,0.6058777,0.32484508,0.46314958,0.7409277,0.62533104,0.4698773,0.49519658,0.26124945,0.47321188,0.47645596,0.78717923,0.9073248,0.48783794,0.1696818,0.8759123,0.62554836,32.13426868132147,-0.4717454519529786,0.02156948298215866,1.740627504302873,0.36409018093828655,good
0.51774985,0.7018384,0.28879702,0.6051736,0.6274876,0.3339657,0.4288431,0.5602392,0.562215,0.6993825,0.6077592,0.33007562,0.35335508,0.46913078,0.40743604,0.78477347,0.91580963,0.5751739,0.18890475,0.8673854,0.60667855,40.27239385849083,12.474406061205327,0.013160891830921173,0.7940891787412684,0.361310108582009,bad
0.53300846,0.63820606,0.35739136,0.6146499,0.54313004,0.48743984,0.43600795,0.52496034,0.55683744,0.72831744,0.54384315,0.37197277,0.33063456,0.5013332,0.53654623,0.8031191,0.939273,0.46845463,0.16461962,0.88939697,0.6218543,22.90717057204928,1.0093355176372893,0.01613062620162964,1.1880190731186693,0.39895884737608367,bad
0.5326539,0.5709161,0.55539775,0.61177766,0.49193704,0.5803684,0.4543171,0.44646192,0.4595583,0.7202342,0.52878547,0.4411262,0.3480155,0.47626266,0.6073562,0.79955673,0.93341076,0.49254075,0.17533793,0.8795661,0.5732987,12.556855608326686,8.52004492623709,0.012552671134471893,1.5871382194621089,0.37429736781912243,bad
0.5109768,0.63849396,0.2479429,0.6023916,0.5308931,0.38089758,0.41665754,0.482761,0.39679974,0.7119929,0.5250584,0.30086675,0.3120324,0.4754723,0.50169456,0.8018658,0.9224049,0.33679697,0.16726655,0.9080486,0.5591963,14.7176279615298,10.026778836499922,0.015433818101882935,1.1057746965814834,0.4016857971784885,bad
0.5236772,0.6405911,0.3218718,0.61112416,0.54940295,0.43806726,0.4390927,0.5304639,0.5214927,0.71793896,0.5394406,0.38732496,0.3272491,0.4442573,0.5407146,0.8491956,0.8550865,0.42594668,0.16017298,0.91181153,0.42266178,17.122219138763953,-351.7466562216582,0.004684291779994965,1.060910206387339,0.39715831673875146,bad
0.51072323,0.4670627,0.6672411,0.5885951,0.3754632,0.6102402,0.4352809,0.36631036,0.6503556,0.6840223,0.42627704,0.48523924,0.3372304,0.42125267,0.6618308,0.7904954,0.89008474,0.59993327,0.14772598,0.8699508,0.6695894,9.478675345211101,1.2179052467764506,0.03088930994272232,2.036252776539983,0.3468123659198005,good
0.6969928,0.39674175,0.50019395,0.7296776,0.33297542,0.37104568,0.6116517,0.30392358,0.40717536,0.7398093,0.36305672,0.33819506,0.42054775,0.38334712,0.6036133,0.79073596,0.91141087,0.35051447,0.15028231,0.87405634,0.5323193,34.547757823412354,7.954926504003876,0.029490865767002106,3.6286879006638904,0.3196239984679048,good
0.73523074,0.4660364,0.5386827,0.7742553,0.38573927,0.53639495,0.65932447,0.36201903,0.3264797,0.79621106,0.4104176,0.34546912,0.47141528,0.39594197,0.573779,0.8049191,0.92624724,0.26547077,0.16666044,0.8680602,0.5050205,40.619562740102964,4.887546376244115,0.014210216701030731,3.511387043103665,0.3249771815571961,good
0.53580123,0.689945,0.3070069,0.63505054,0.5812231,0.46220186,0.43506908,0.536505,0.3455748,0.7472524,0.5592017,0.32893893,0.30708012,0.50932115,0.5118978,0.7893141,0.88936037,0.5640423,0.16642265,0.86590755,0.575577,70.13357985282221,7.902859345212112,0.022131629288196564,0.7506959399328694,0.4417591879107891,bad
0.5958327,0.60403514,0.38683033,0.6513566,0.5185158,0.53816295,0.51082885,0.49299222,0.26248917,0.7203009,0.55268395,0.4180681,0.35098457,0.5264636,0.5864607,0.7644486,0.88284296,0.503711,0.16274054,0.8727124,0.49290842,47.004027377804505,7.0336409272343445,0.03640543669462204,1.7218944460960626,0.3698395332160208,bad
0.31191522,0.4366069,0.41546074,0.37242782,0.37891087,0.46837088,0.24966015,0.37971085,0.45608106,0.46359423,0.44525796,0.5366609,0.17180529,0.45119104,0.52142125,0.5657302,0.83883864,0.7518616,0.056484055,0.8232824,0.6207291,1.1040650561600813,358.407533262888,0.18889286555349827,2.40973684043315,0.2918228636650272,good
0.31152692,0.42814687,0.4302753,0.36947387,0.3657359,0.37777165,0.2460279,0.36604744,0.6592503,0.46628723,0.446396,0.5387211,0.16985562,0.46336946,0.5719662,0.56476176,0.8398638,0.7147565,0.055210926,0.82785285,0.61874896,0.629397521925938,358.87873793410745,0.19001365825533867,2.4649401645529854,0.29670481884658295,good
0.31698126,0.42810047,0.51115453,0.37365144,0.35881928,0.58943725,0.2496884,0.36565313,0.41878146,0.46793127,0.4436703,0.5503462,0.18170163,0.46328107,0.5562044,0.57499766,0.8471599,0.7449666,0.048468065,0.8287522,0.59391576,0.21130903683433644,356.13042166147096,0.18826713599264622,2.4779486908121817,0.2866072824187021,good
0.3133896,0.42729032,0.47276714,0.36987782,0.36351535,0.61253643,0.24624798,0.36795998,0.49342218,0.4663556,0.44688535,0.5344423,0.1832786,0.4663237,0.5245961,0.5710005,0.8443766,0.7460251,0.05047551,0.8301627,0.5905152,0.522035767523434,357.2822262122753,0.18926198594272137,2.4863271488934053,0.2834521491067067,good
0.29014608,0.53497213,0.4298101,0.349282,0.4760954,0.646562,0.22055605,0.4589453,0.6312543,0.43032834,0.52782047,0.54046047,0.13542955,0.5053761,0.603004,0.5384087,0.90418553,0.6101965,0.031796083,0.8858044,0.31169218,0.05706939679743073,4.147442486256491,0.21489761024713516,2.0875824540022774,0.29537883698493517,good
0.36588946,0.5857589,0.40693143,0.42937183,0.52640206,0.6686849,0.31252328,0.538791,0.5529486,0.54678303,0.5876047,0.5512699,0.26143742,0.605081,0.39035437,0.6681618,0.960173,0.31640312,0.24742708,0.9449459,0.39897317,25.726374311125625,353.89860476258843,0.042205557227134705,2.47442861582121,0.2856464933267094,good
0.34979364,0.55877227,0.4485512,0.41693622,0.49318582,0.64729667,0.29883334,0.50301504,0.7695323,0.5374265,0.5482857,0.5379869,0.25007474,0.55624956,0.5187255,0.6761724,0.9409045,0.4253825,0.2283152,0.9320547,0.4673944,26.611776654017703,355.57918763662445,0.04775620996952057,2.5456797806031695,0.2874137967293466,good
0.35962495,0.5785644,0.44919908,0.42522505,0.5012723,0.57689065,0.30338418,0.51980215,0.65986353,0.5405925,0.554436,0.4147156,0.2532232,0.58208305,0.47933078,0.6758169,0.94136006,0.4134969,0.23054366,0.93595976,0.4785684,25.98144895119644,352.9717184523581,0.04681972414255142,2.3307087276255984,0.28811639116700793,good
0.44816878,0.5879174,0.52358204,0.49497786,0.52809256,0.57791007,0.37634814,0.51746297,0.528288,0.5692636,0.5804863,0.4245547,0.29937872,0.5736142,0.5365522,0.675532,0.9453511,0.47169894,0.23503506,0.9362196,0.46222776,2.998519963000305,2.953890900547145,0.044716477394104004,2.2266829794160166,0.2699340648061926,good
0.4651968,0.5925504,0.49274653,0.51926327,0.5361569,0.49087176,0.39360836,0.5233453,0.50006527,0.5892023,0.58138895,0.40342167,0.30864713,0.57212937,0.4591361,0.68460786,0.94956553,0.37540665,0.24243043,0.9399501,0.37253085,0.424565349906743,3.43847268602112,0.0364808514714241,2.096153124733926,0.2806410978908662,good
0.38416013,0.5947061,0.45088598,0.44219786,0.5217267,0.47788063,0.32388395,0.5325964,0.68171185,0.5577086,0.57128435,0.45543337,0.27344334,0.5950019,0.5292065,0.6815444,0.9557829,0.38610625,0.24719071,0.93624914,0.43873626,24.569860765403448,354.12654430236506,0.035632431507110596,2.3223693014555313,0.28482129007020507,good
0.36153913,0.57397425,0.47554943,0.42324343,0.5074168,0.6244816,0.30847225,0.5245427,0.57275486,0.54758483,0.56414014,0.5303843,0.2674961,0.5941684,0.45162874,0.67554426,0.9470199,0.33765075,0.23981938,0.9375894,0.3796248,25.84756878424345,352.6844426436297,0.042318180203437805,2.532737790852199,0.2809927002758868,good
0.3527089,0.5349581,0.49422804,0.42323652,0.46835417,0.77765137,0.3057319,0.48664963,0.647399,0.54089487,0.5346753,0.44777635,0.260368,0.5638613,0.35553107,0.6780721,0.9255996,0.4867334,0.21140847,0.91998816,0.44579554,23.227196082634293,352.8227496579082,0.055259719491004944,2.578873266224257,0.28137959940442936,good
0.3542816,0.5429481,0.43665072,0.41999534,0.47496533,0.7233689,0.30748492,0.494268,0.50604755,0.54249686,0.5436235,0.47181168,0.26094264,0.5789687,0.38109156,0.6768595,0.9253407,0.48136112,0.21260643,0.92592394,0.45683804,22.392198249030614,-7.278120547882427,0.05526703596115112,2.6528023849722775,0.28279940175888507,good
0.2929118,0.5695866,0.42450956,0.3583751,0.49108446,0.48492554,0.23962808,0.5186049,0.5785963,0.49288425,0.510251,0.5271158,0.1954305,0.5690886,0.48539954,0.68658775,0.8962454,0.37559748,0.19330545,0.9187612,0.4238594,37.10915688581412,-7.899819238960838,0.060053400695323944,2.4309921145450524,0.3007092094926846,good
0.35110092,0.57441884,0.47624817,0.42046642,0.49582228,0.50696737,0.30110547,0.50877655,0.61316043,0.5538685,0.5034463,0.5169402,0.24225648,0.5431865,0.4844485,0.722169,0.92447037,0.3412547,0.21626465,0.903119,0.5299536,34.69881546410377,353.53352780482453,0.030783183872699738,2.343125280879232,0.3130341557600796,good
0.3328633,0.5745371,0.44300002,0.40440387,0.49709538,0.4394475,0.28038794,0.5145101,0.58305615,0.5456612,0.5103112,0.51556784,0.23538446,0.54894066,0.47487852,0.7130051,0.91340864,0.42788768,0.21792945,0.90469503,0.55513585,37.741651815162385,353.2316344875374,0.034532710909843445,2.2756198091307556,0.31162644687989377,good
0.30005518,0.5571094,0.5084085,0.36351696,0.48054707,0.70471334,0.24497576,0.4983067,0.60062194,0.4841598,0.5147023,0.5141517,0.19817004,0.5648044,0.43797898,0.6459272,0.89034116,0.5444206,0.1707292,0.9351944,0.496579,24.970403658065507,-2.3617788191521516,0.09167180210351944,2.4133413877949588,0.28844781166598865,good
0.32035622,0.51799107,0.46756235,0.3783781,0.44398805,0.5737267,0.25171384,0.44240737,0.38246578,0.4739616,0.49318382,0.47770202,0.16965312,0.502772,0.5517875,0.57733244,0.8834143,0.6934593,0.081676915,0.8683443,0.4440668,4.028411833804427,-0.7700546890095276,0.17049532383680344,2.120253206900332,0.3043934288211224,good
0.330738,0.54667145,0.45720428,0.39403597,0.46713865,0.5474002,0.26588413,0.46920222,0.70238584,0.48184994,0.50502783,0.5055849,0.186803,0.514232,0.51649374,0.5955813,0.88517165,0.6099819,0.09780518,0.86854863,0.502396,6.773220833892978,357.8733510884627,0.1533067636191845,1.9362725544280217,0.2951276842671133,good
0.34496745,0.50614834,0.46086723,0.40405947,0.43086085,0.66572815,0.2740777,0.43036625,0.48607647,0.4835265,0.4852584,0.50221777,0.18526722,0.4900968,0.50649345,0.589251,0.8796124,0.6765739,0.08039614,0.86663634,0.46366662,1.848373169553966,-0.932155885423514,0.16517644003033638,2.118895533614681,0.2982813474900917,good
0.2912426,0.5126562,0.38958907,0.34773597,0.43705043,0.50550735,0.22359057,0.43899044,0.47151208,0.4384307,0.47036114,0.47451228,0.1339252,0.48888394,0.5745951,0.5632212,0.87298733,0.6356629,0.0588921,0.8862482,0.3831196,4.50768192581674,0.4582687091578636,0.18894334137439728,2.2225109746812115,0.3048222240214226,good
0.2871294,0.49235237,0.44942555,0.3468253,0.41259605,0.34895143,0.23747836,0.43774372,0.7039999,0.4914254,0.44173115,0.54735637,0.20824741,0.50878155,0.4138971,0.63469076,0.83433694,0.60558677,0.17828615,0.9016279,0.2695156,22.710752128847602,-3.476388035865797,0.09351154416799545,2.757388764846924,0.28760847485278623,good
0.21289557,0.4716903,0.4120576,0.2870757,0.39734063,0.5084875,0.16384628,0.41889185,0.6066618,0.44761512,0.44416067,0.51242566,0.1249116,0.4915273,0.41055882,0.58375186,0.8012367,0.6076673,0.10097864,0.85032904,0.5056459,29.770376579252485,-3.111269427268785,0.15763475000858307,2.377182718073936,0.3246530203205485,good
0.24181564,0.46780732,0.5980075,0.31702328,0.3873584,0.43495274,0.19381978,0.41398633,0.6464189,0.4666727,0.42585513,0.4663064,0.15590176,0.48240015,0.46423703,0.5982186,0.79134333,0.6924809,0.12119024,0.8493237,0.46174937,26.676275777329103,-3.9987905902858403,0.14029556885361671,2.319385395267137,0.31365119722243595,good
0.21301796,0.4711444,0.42936245,0.2803455,0.39288345,0.5923234,0.1614036,0.4208223,0.65602994,0.43204257,0.4280332,0.43471897,0.12006966,0.49478942,0.33174905,0.5663065,0.7844236,0.69810796,0.10095132,0.87075394,0.41469133,23.833666502727,-2.070274486426413,0.16637110337615013,2.4283590923801763,0.31596489782719,good
0.34585255,0.5412086,0.55817974,0.40668908,0.4715457,0.6387897,0.28158155,0.45926967,0.43920693,0.4812217,0.5159623,0.4197234,0.18705064,0.4962004,0.45461696,0.58380854,0.8939521,0.5480498,0.08052072,0.9027467,0.3501033,4.81624045026048,-355.0401685787166,0.16783536970615387,2.1380146395716793,0.2945442071370057,good
0.344544,0.61235625,0.47963685,0.40645534,0.5355865,0.69086635,0.27461064,0.5355259,0.60357654,0.4920644,0.5551724,0.4892847,0.19155098,0.55705523,0.6265248,0.59055793,0.9028349,0.5303242,0.10484499,0.8902709,0.45412597,2.4608308390641866,-1.0916812953309536,0.15229853987693787,1.6168329667105874,0.30051671948904085,good
0.32746848,0.64094704,0.38505635,0.391098,0.56992984,0.4559533,0.2538558,0.5633168,0.46326172,0.470465,0.6024027,0.43674117,0.14881216,0.59502244,0.51089597,0.56274843,0.92302394,0.484062,0.07434465,0.9272323,0.3977048,4.274282618507854,-357.56003611697133,0.18145345896482468,1.553336445834372,0.3217004673336371,good
0.2747973,0.814982,0.22693747,0.34670627,0.7395023,0.36418062,0.19643357,0.73631203,0.5011934,0.45901832,0.70452976,0.40937924,0.12524736,0.721084,0.4121213,0.55291504,0.9422078,0.34175438,0.10916536,0.9360684,0.40848535,87.60011857525265,0.31770630195681676,0.16895980015397072,0.7238218692464051,0.3340018011365356,bad
0.20293123,0.79286563,0.2507093,0.27369544,0.7214212,0.42270467,0.13607182,0.72000414,0.61560094,0.40453175,0.6377032,0.46707648,0.06778734,0.67653036,0.28183356,0.5739373,0.88146335,0.3888114,0.06694325,0.86129344,0.3658447,76.89184048262192,-1.2666053698801212,0.17955972626805305,0.9550206377445508,0.3380011706795622,bad
0.21475531,0.7413294,0.4485384,0.28573462,0.64869714,0.3545049,0.14074562,0.67656976,0.507317,0.39047825,0.6011515,0.49806038,0.05266274,0.67047215,0.3424702,0.5666167,0.88357425,0.40070078,0.036352295,0.87941027,0.39302757,79.10160664487314,351.45821267326954,0.1985154952853918,0.9303231575140066,0.3417928151818435,bad
0.22099838,0.80390406,0.40819082,0.28367162,0.72715235,0.55592376,0.14602423,0.7336134,0.46709973,0.400868,0.6390404,0.4313001,0.06603044,0.690488,0.3035902,0.557878,0.8988743,0.4143048,0.06732134,0.87573713,0.38163045,75.6048015609416,355.95785384773535,0.18740032240748405,0.8053350860940912,0.3370534725501798,bad
0.41164392,0.6952719,0.469121,0.47969678,0.65765524,0.45773298,0.35461012,0.5995304,0.3203958,0.51906794,0.7367726,0.29318967,0.2238478,0.6335832,0.44864658,0.53059256,0.9389131,0.3153732,0.0739352,0.9017854,0.22651789,47.27265820387876,15.72439491065294,0.19773611798882484,1.5184875922487011,0.3051957724175532,bad
0.39541587,0.7150942,0.468925,0.47754896,0.6614665,0.4483103,0.35067883,0.6030848,0.28603238,0.52007025,0.7339343,0.29615775,0.21824129,0.5995438,0.5473508,0.5335681,0.94481874,0.36011124,0.054344054,0.90540576,0.23010409,49.279913349481006,15.511242798256557,0.2060439307242632,1.3960012772664225,0.31821364531669794,bad
0.39896566,0.65181375,0.38475668,0.48434505,0.64113325,0.5001049,0.34135562,0.5607706,0.5470134,0.54210395,0.7249793,0.16717328,0.25616598,0.58259016,0.47290725,0.5487683,0.95846635,0.2827368,0.09274459,0.9013616,0.16242284,28.74462264925205,17.49075706185555,0.1792435646057129,1.4355329918130093,0.15,bad
0.12665594,0.71052253,0.33513632,0.18358925,0.6080962,0.4149296,0.05567129,0.6660845,0.43013015,0.29309204,0.4491947,0.28865284,-0.00033095357,0.6487385,0.1282716,0.53581274,0.77902555,0.35563287,0.010386808,0.8382561,0.2677036,88.0900714539546,-13.945028215511694,0.22690022829920053,1.2130451856289441,0.15,bad
0.12487652,0.66062635,0.34942138,0.17174111,0.5821425,0.49381733,0.043009695,0.594514,0.24929625,0.30627656,0.46915436,0.37569803,0.0035800592,0.547065,0.089281105,0.54332995,0.77668136,0.47976968,0.02079174,0.7686507,0.15110694,50.846458361427636,355.217000200321,0.21793915331363678,1.3809711008337244,0.15,bad
0.12367314,0.6710789,0.3582767,0.18589109,0.5654754,0.29301503,0.049934167,0.61902374,0.40000358,0.30823258,0.45382246,0.34907073,0.0046346136,0.5514521,0.061284605,0.5419661,0.7780011,0.4584789,0.023583462,0.7998128,0.24850288,86.99986311221467,-14.649476921570777,0.21722522843629122,1.2837942023790458,0.15,bad
0.3559654,0.47897676,0.36934993,0.43234608,0.38999793,0.6750935,0.28139567,0.4044284,0.81227154,0.56185144,0.44957244,0.3784543,0.19454986,0.47682774,0.4442694,0.72585136,0.85058135,0.5872823,0.1548745,0.8659764,0.6949771,22.387718707673912,-2.9425009858188855,0.05963706970214844,1.9607249528674058,0.36786995920654353,bad
0.3580661,0.59742045,0.2870388,0.45593444,0.489202,0.7582402,0.2897848,0.5033765,0.70076096,0.5763915,0.49103743,0.5762078,0.19961062,0.51483697,0.6117518,0.73387384,0.8621037,0.5413189,0.17319712,0.8578732,0.61248565,44.85904004413089,356.01476093545494,0.04646451771259308,1.3144833744179114,0.3772034660181839,bad
0.34324056,0.5920446,0.3977452,0.43196604,0.4883867,0.725127,0.27563047,0.4933871,0.62728125,0.56342936,0.49928772,0.41177145,0.18808627,0.5189992,0.4628989,0.7428695,0.86633784,0.5739665,0.1728418,0.8613937,0.55243075,46.540012298900706,358.2530923294995,0.042144350707530975,1.4955560079092955,0.3756341124063819,bad
0.367962,0.57747585,0.387368,0.4530949,0.46286723,0.48030603,0.29781312,0.4738889,0.56088114,0.5707687,0.48061028,0.5008271,0.20752701,0.5109655,0.5749173,0.7393976,0.8568429,0.5931835,0.17634474,0.8586298,0.5818528,37.42925685575019,-2.9108232614178493,0.04212883859872818,1.4701904900351186,0.36395445429949136,bad
0.4417501,0.39568353,0.42456204,0.5093224,0.31071422,0.63958657,0.3696748,0.32617408,0.7102996,0.62713486,0.34624144,0.44244045,0.29204082,0.38538823,0.57444626,0.74717873,0.72262436,0.8010835,0.24574004,0.6964073,0.6945225,22.12561619576759,353.0080617752452,0.003540612757205963,1.7244843957639335,0.3363778035281755,bad
0.44799447,0.39410803,0.41730943,0.5153096,0.30836722,0.6057992,0.37583193,0.32263115,0.7778348,0.63358533,0.34509954,0.6261386,0.30113038,0.3722071,0.53879213,0.7471704,0.72146934,0.8149127,0.25635844,0.6916337,0.7407099,22.282977340188907,353.0036178639518,0.0017644166946411133,1.718687135844162,0.3330760121486851,bad
0.4471401,0.39269903,0.45411363,0.5123983,0.30828622,0.52992404,0.3742602,0.323227,0.70095885,0.6336593,0.34455237,0.621148,0.30393875,0.38052195,0.5887028,0.74797153,0.72226036,0.80110323,0.25991815,0.69504845,0.69155735,22.664449227910225,352.96785600998254,0.003944844007492065,1.7582557996281118,0.3308223303443122,bad
0.44946852,0.40627623,0.5726973,0.5152894,0.31449023,0.49803284,0.37701,0.32724008,0.6122316,0.62642825,0.3475554,0.5469899,0.30012676,0.37371278,0.4870591,0.7454371,0.71897984,0.8415581,0.2505909,0.6961333,0.78492326,20.759531931239877,354.060972052542,0.0019860118627548218,1.6673887150140623,0.3268906951586228,bad
0.37824634,0.40631232,0.56207424,0.46018407,0.3172058,0.49907023,0.3218501,0.34200722,0.71055144,0.60525817,0.34472102,0.49437022,0.26415002,0.39303902,0.42483425,0.7744357,0.73402053,0.6373083,0.2799832,0.6903897,0.75964886,49.42627541647151,348.555316699872,0.02720944583415985,1.9597406901940793,0.3430276873001978,bad
0.3586976,0.40900272,0.52815676,0.4387731,0.3222782,0.57095134,0.30165285,0.34513092,0.6809005,0.588475,0.34842205,0.48267788,0.2505876,0.39391392,0.46503133,0.766804,0.73033464,0.67739546,0.26976305,0.69654834,0.78769183,50.57830172823784,349.95670740985486,0.01828351616859436,2.015894999173947,0.33960562267635314,bad
0.53097796,0.4183097,0.43890887,0.59715,0.33905888,0.5668501,0.45396787,0.3324828,0.5480472,0.67928195,0.38487545,0.60526454,0.35967055,0.3701617,0.63325953,0.7551408,0.72648215,0.8226143,0.2584219,0.69668794,0.8186495,7.660182470550012,-0.602974259169424,0.006781339645385742,1.544551687519949,0.3198018528829378,bad
0.5318974,0.41003084,0.5345913,0.5927684,0.32605997,0.6494918,0.45354,0.3238517,0.70433736,0.67839485,0.37425554,0.5001694,0.35738128,0.36315605,0.69251364,0.7618033,0.7264334,0.8400023,0.266187,0.69942886,0.7643925,4.764582844168416,-1.6585628752868031,0.013995170593261719,1.6366159897550425,0.3211214898477352,bad
0.52719826,0.39556107,0.41878402,0.5934334,0.31689557,0.6237792,0.4479999,0.30998042,0.46014887,0.67715263,0.36357954,0.58959836,0.35016295,0.34892717,0.5140435,0.766187,0.72651404,0.804379,0.26059344,0.69189787,0.7709244,2.3935113018811336,-0.8971618971318741,0.013390228152275085,1.6192205178684895,0.3271742890500109,bad
0.4874008,0.46729058,0.48729432,0.54724616,0.41990238,0.7678861,0.43059653,0.40851745,0.8461206,0.6250669,0.5065218,0.52527976,0.34894913,0.48310125,0.647212,0.7756693,0.85997945,0.6647234,0.20928892,0.8860781,0.5856371,0.7367701519404903,-353.834097428672,0.007520899176597595,2.60209932229975,0.27667589664544207,good
0.49710917,0.49529886,0.40024498,0.55285066,0.44848865,0.680068,0.44674006,0.4452622,0.85179436,0.6299217,0.5312785,0.5339049,0.36607528,0.51015794,0.631884,0.7781124,0.88303506,0.5574857,0.22702439,0.87209177,0.52133834,2.255526153475458,0.45314442770561164,0.0025684013962745667,2.701670194093917,0.2643214710299859,good
0.48534986,0.44767922,0.3416467,0.54291064,0.40726614,0.56151444,0.4309748,0.40677163,0.8425852,0.6229876,0.5107337,0.45459574,0.35634485,0.49885535,0.6276725,0.7730493,0.87794435,0.5630698,0.21611014,0.87836975,0.49311128,2.0344804834253125,-359.77733726250466,0.005420282483100891,2.8854792880771143,0.2667915628081122,good
0.44787028,0.39748204,0.3219109,0.50488555,0.36165914,0.41862768,0.3838126,0.34000888,0.6107558,0.5589893,0.46784273,0.49028167,0.25559178,0.4367745,0.7190655,0.6235706,0.8659644,0.38950825,0.083662674,0.8074245,0.46450135,15.555234890220717,2.989615433898289,0.1463833525776863,2.804821331289924,0.3042909656436982,good
0.43075025,0.36277026,0.40272218,0.494635,0.31159678,0.56738526,0.36766228,0.2933292,0.6937735,0.55881166,0.4070948,0.5001266,0.25333542,0.3607352,0.649488,0.6285124,0.84245414,0.37054762,0.045917172,0.7744949,0.51064503,14.952505973192316,1.1586348736303806,0.1627852227538824,2.7180217375488316,0.3074486464771376,good
0.45105553,0.3759171,0.32684454,0.51322216,0.3344211,0.64141613,0.38899472,0.30169877,0.6115299,0.5638276,0.42953128,0.39335003,0.2611982,0.37319013,0.6958703,0.6267288,0.84085083,0.38124427,0.037522852,0.78474075,0.4663425,21.207321383987534,7.089894779417983,0.16787418723106384,2.752741399572336,0.3055652137793964,good
0.5173848,0.39715272,0.41521043,0.5916535,0.33530998,0.57717454,0.47427806,0.35249904,0.7541448,0.73215246,0.39941117,0.5739904,0.4354978,0.41110894,0.37664968,0.9372731,0.7703675,0.5537528,0.36287525,0.8947225,0.42930707,18.203630434176816,2.9548654722520618,0.15007416903972626,2.985006717546886,0.29678437517164574,good
0.52497107,0.45553404,0.31459156,0.5949045,0.37671852,0.54489493,0.46966326,0.4020229,0.7975271,0.73267704,0.4001874,0.66551816,0.41797408,0.45455012,0.40880123,0.9469129,0.77767175,0.47115192,0.37880543,0.89490694,0.43560073,24.546069272710156,0.18120792759068502,0.16285915672779083,2.5034468557908105,0.3173331224247127,good
0.54072344,0.40528053,0.47477198,0.61308306,0.33463484,0.40047613,0.49640712,0.36512518,0.7385898,0.75682527,0.39608932,0.5657613,0.46051574,0.4436299,0.48189464,0.9448284,0.7794097,0.5151434,0.36048838,0.8436285,0.6154082,20.915300508730795,-6.3771076632050345,0.1526583880186081,2.730037952105802,0.2984470602908481,good
0.49854314,0.4405702,0.3298432,0.57135403,0.3620621,0.53136945,0.436906,0.3893874,0.60094005,0.7149927,0.39225286,0.5681601,0.38875115,0.4683286,0.37892106,0.92684466,0.7707822,0.4986794,0.3494274,0.8936094,0.51352674,24.283964180588214,0.39759788894151266,0.13813602924346924,2.3911824670707307,0.3311933410645214,good
0.503,0.43637407,0.37716225,0.5744787,0.35788947,0.5942132,0.4494608,0.38026655,0.7435122,0.7135552,0.3876447,0.5974469,0.40093008,0.44349566,0.5339129,0.93041396,0.77617604,0.5422665,0.34133565,0.89440584,0.53326535,22.171482659853666,0.9144490409264397,0.13587480783462524,2.5952784058602965,0.3154189288172182,good
0.21911934,0.3723028,0.4625763,0.2970409,0.32187477,0.57490844,0.16505109,0.31887436,0.5790352,0.39998388,0.4300711,0.50003695,0.09863124,0.4065062,0.4953683,0.5498558,0.8389177,0.6143122,0.023698183,0.80576825,0.34866416,17.381975369307384,-1.7285887219251348,0.2132229944691062,2.6077335472520105,0.3018704577400462,good
0.20253824,0.3723012,0.491162,0.28484866,0.3203437,0.48263046,0.1548459,0.31879914,0.78909993,0.3975648,0.42258927,0.49872681,0.088791214,0.4005692,0.57186806,0.54892063,0.8357785,0.59998083,0.018020444,0.8010413,0.30394343,20.31632024663567,-2.298887844113091,0.2165294624865055,2.6477676454824493,0.30921493105682774,good
0.3866018,0.3921189,0.50583816,0.4622954,0.33814287,0.74335176,0.33298007,0.33932787,0.5797311,0.5656911,0.42326355,0.5379202,0.27156356,0.40940034,0.5241462,0.75329435,0.82643664,0.63622785,0.13108426,0.88565844,0.5400268,7.5354832517336945,3.6893501134043047,0.057810693979263306,2.724738300052499,0.2943112703674447,good
0.328879,0.30439502,0.5143075,0.40479645,0.24916084,0.67065936,0.27073455,0.23918293,0.6171435,0.511419,0.3214988,0.694934,0.20464498,0.30198538,0.55284834,0.66610456,0.72635406,0.7073895,0.06783033,0.7641704,0.62386924,5.945433407049691,-354.0908479782812,0.13303255662322044,2.4788518099488694,0.3071229147660891,good
0.32873067,0.30943915,0.5075842,0.4023629,0.2506778,0.6610333,0.26691175,0.24210624,0.59591866,0.50274396,0.31892088,0.5779369,0.19442992,0.30136222,0.7177322,0.6674485,0.72798294,0.67804986,0.06711337,0.7618429,0.62759984,6.511097025157312,-354.86047414379567,0.13271905481815338,2.4252488324461603,0.3085951554351995,good
0.3372472,0.3100607,0.47259158,0.40640408,0.25390556,0.6966177,0.2806771,0.24627124,0.6423845,0.5025067,0.32312536,0.5585679,0.20322908,0.30517682,0.58399296,0.66609204,0.72954273,0.6861112,0.06887121,0.7612092,0.6238755,4.591982311242276,-355.11519162935576,0.13251837715506554,2.6052000296612663,0.29958018041687196,good
0.45000902,0.26969954,0.43353903,0.49469602,0.23664954,0.4080241,0.38650388,0.2019214,0.65113544,0.53177685,0.3317565,0.45594445,0.24465881,0.2745714,0.72762054,0.65872365,0.71903974,0.7283544,0.07692359,0.74525994,0.6431327,18.29012177475974,-344.52832919054737,0.13217638060450554,3.203017854336858,0.29030366308990563,good
0.45053154,0.2716277,0.40671903,0.49511346,0.23705766,0.41079003,0.38750795,0.20453875,0.62795997,0.53114945,0.32453576,0.3688718,0.24708885,0.2758114,0.663366,0.6568683,0.7199992,0.72597134,0.072032675,0.74777216,0.6518095,19.100662369522155,-345.18966218547104,0.13554952293634415,3.2376014275049694,0.2864015244760911,good
0.44987363,0.27255967,0.41761315,0.49529657,0.23816438,0.3967903,0.386391,0.20432623,0.60927755,0.532464,0.33390436,0.4909514,0.24725115,0.27500936,0.66474694,0.65442055,0.7205155,0.73872864,0.07281611,0.7477788,0.64138496,19.187379601233673,-344.86876680968396,0.13638166710734367,3.1905129330310165,0.2886130324827113,good
0.15295745,0.30759203,0.5304801,0.22171015,0.23496981,0.5285963,0.13979504,0.2650738,0.5727707,0.39978072,0.2741969,0.6149051,0.16392154,0.291716,0.17152545,0.6489505,0.71655834,0.7217747,0.05825086,0.76794523,0.5871483,32.38067241975116,-11.67666303250786,0.14639931172132492,4.505050157722251,0.15,good
0.14846662,0.32007357,0.5267482,0.21263686,0.24854751,0.6097504,0.13865562,0.27274352,0.5902915,0.397156,0.27075267,0.6457282,0.1748664,0.29831082,0.12792039,0.65303713,0.71858525,0.7231643,0.059400007,0.76813483,0.5834033,33.8146606259635,-10.199995722802788,0.14378143101930618,4.980684181811688,0.15,good
0.14976446,0.312111,0.45317978,0.21612589,0.24366401,0.66820246,0.13724673,0.2693111,0.57901216,0.39888692,0.2743731,0.66105676,0.16922198,0.29680806,0.15177488,0.6495531,0.71585625,0.71348923,0.059466247,0.7688096,0.5840508,32.92314760513202,-9.854148684079872,0.14549031667411327,4.706752976328377,0.15,good
0.32706925,0.3053317,0.54146147,0.41092134,0.24842031,0.43511018,0.27873874,0.25241387,0.44313374,0.5460111,0.3622846,0.52774304,0.19644037,0.36018544,0.49228033,0.62677056,0.8296325,0.324828,0.06695332,0.74659914,0.494981,10.351678715056266,352.35435492375734,0.15313806384801865,2.742687723650639,0.34957426662152696,good
0.321519,0.3013087,0.44330034,0.40418553,0.24752896,0.56108564,0.26955333,0.2515798,0.6365559,0.5424577,0.3607855,0.5094458,0.19800586,0.344407,0.43014476,0.608754,0.8394017,0.3511161,0.06448014,0.7495449,0.51123035,10.048295882509478,351.64877402808844,0.16338293999433517,2.7488763747997966,0.34467081005036704,good
0.3227736,0.30677378,0.5290071,0.40697506,0.2508157,0.59869623,0.27523497,0.256017,0.6671903,0.5410956,0.36182818,0.4963306,0.1969005,0.34535864,0.43971294,0.6114032,0.8408848,0.36256957,0.06437541,0.7483651,0.51622653,10.246151038098645,351.07461231054003,0.16211068257689476,2.778501435915332,0.34441668256360086,good
0.34063226,0.30581364,0.4885736,0.42378277,0.2506181,0.6337737,0.29096183,0.2519086,0.38501748,0.5483956,0.37511423,0.5574144,0.20844842,0.34124318,0.538139,0.6137962,0.8283762,0.3556175,0.06851858,0.74786615,0.50699127,6.4257064215704816,353.2634604520207,0.15884262323379517,2.723376570972561,0.34089498590225537,good
0.62149215,0.3325664,0.4813542,0.63439894,0.30574757,0.37938938,0.57155305,0.26995483,0.43607214,0.62689096,0.3464298,0.18424985,0.38372862,0.28286576,0.49070376,0.5766466,0.8439551,0.28172877,0.08621011,0.73616606,0.35569787,34.47369215596555,13.769441008677914,0.16857163235545158,6.574536977626801,0.15,good
0.6200385,0.37446684,0.3977216,0.6451411,0.35619524,0.52843964,0.5712367,0.29878077,0.40042007,0.636308,0.38775122,0.174741,0.37735084,0.3036175,0.5074421,0.5859774,0.8525635,0.28912523,0.08614348,0.7416751,0.3525033,37.461089151798504,20.780700325150267,0.16393957287073135,4.975656939703929,0.15,good
0.5965928,0.34676945,0.46655422,0.618543,0.31832483,0.38847485,0.54240644,0.27981964,0.41633946,0.62789017,0.40496683,0.25716126,0.3510837,0.31535438,0.509933,0.58889306,0.8490941,0.29001293,0.08365552,0.74746037,0.3401789,33.35550717722349,12.1924048941547,0.16372571140527725,5.245343397606308,0.28484894131473354,good
0.57224333,0.32563746,0.4367937,0.6016788,0.30244517,0.4319978,0.51887697,0.27121377,0.49274695,0.6037039,0.38388437,0.25683442,0.33938703,0.32148355,0.52467,0.58815366,0.8158905,0.23397143,0.08190863,0.7418162,0.34312037,33.186633768771,9.532894141106642,0.1649688556790352,4.816894152010293,0.2684282287509628,good
0.31542686,0.61193293,0.34084046,0.40666705,0.507522,0.664778,0.24594997,0.51769584,0.36788225,0.540771,0.5029184,0.5843685,0.17152216,0.5503475,0.5950337,0.72977585,0.8258497,0.48445207,0.11165743,0.8768104,0.2972407,48.209958583304015,0.8200996941247722,0.07928336039185524,1.2936301035491022,0.3709583113015571,bad
0.32819116,0.62048846,0.33342907,0.41882068,0.52770585,0.70708317,0.260548,0.52669126,0.73104775,0.5418818,0.5148483,0.5074668,0.18462172,0.5340869,0.5050436,0.72944826,0.8357224,0.49812683,0.09394522,0.8948022,0.3082565,39.311009864353736,-355.73609463600667,0.08830326050519943,1.2742435807906298,0.3575513360023904,bad
0.37027296,0.607207,0.4466898,0.44537914,0.49864897,0.48972902,0.29648802,0.51026905,0.3147448,0.54603416,0.476936,0.547504,0.1881187,0.5162574,0.58260417,0.74570733,0.83715415,0.5310392,0.10848078,0.8972839,0.30255955,24.25339118662805,0.6982683850081324,0.07290594279766083,1.3618777993802922,0.3591283878763836,bad
0.19244285,0.65410066,0.34581512,0.26760945,0.54097706,0.46756968,0.12720795,0.5641612,0.62213284,0.43655607,0.46115193,0.36193344,0.082485154,0.5494254,0.2879062,0.6895343,0.820373,0.41375166,0.13235044,0.84739494,0.23431994,75.03933808751621,-4.976773459460801,0.08905762434005737,1.8148557548438957,0.3602073461586851,bad
0.3236885,0.5478405,0.46405977,0.4011488,0.44629216,0.7014706,0.26307458,0.47825512,0.57141095,0.5632203,0.43708038,0.5740403,0.21600713,0.5086448,0.4288773,0.8016995,0.8407858,0.49421197,0.18549676,0.9102392,0.3510896,41.59150653596283,-5.017466472524728,0.006401859223842621,2.1319525624217497,0.351337199793636,bad
0.36172888,0.5485261,0.5009031,0.4367168,0.44417346,0.5658713,0.29701382,0.47016177,0.63651526,0.569678,0.4353884,0.5660012,0.22922926,0.49901426,0.46816623,0.80596215,0.840539,0.54049826,0.18579479,0.9179837,0.2938071,34.031971231320185,-2.591992645737361,0.004121534526348114,1.9992246551412767,0.3437768088414601,bad
0.59963185,0.5531216,0.41452745,0.66989166,0.47317624,0.7231739,0.5280576,0.45131168,0.6479362,0.7323862,0.5062519,0.52397466,0.40164238,0.46938902,0.7119329,0.8507891,0.87899995,0.4714687,0.20618275,0.885393,0.58851415,24.248566357201852,-352.9787412775728,0.028485938906669617,1.7989774021456275,0.33189730132519907,bad
0.212597,0.48539618,0.4753163,0.28317767,0.37045142,0.4087481,0.15704358,0.45179373,0.7453504,0.44006664,0.33818585,0.50587547,0.13006356,0.5229114,0.31468934,0.78913224,0.75137067,0.35692817,0.13760853,0.96025676,0.24349867,38.79004655191129,-12.290877212853056,0.03662961721420288,2.6711014954326715,0.3395532305861658,bad
0.33176884,0.49563253,0.35786167,0.43007717,0.40632734,0.64946365,0.27610397,0.40019566,0.6633457,0.58035517,0.40202156,0.56404567,0.2062221,0.39602694,0.32964897,0.788408,0.7494919,0.5158484,0.19889261,0.6241168,0.087022655,81.5907911634509,-7.351924732869796,0.006349705159664154,1.403824790577214,0.3741600784026256,bad
0.10191499,0.7220885,0.35555875,0.15819162,0.59955937,0.59452534,0.028756471,0.6512506,0.3186828,0.38324404,0.42953083,0.3315594,0.018386133,0.6598916,0.19044177,0.703307,0.6784537,0.47082818,0.06309453,0.8630733,0.25134033,86.7985299681089,-4.470091514105525,0.1167992502450943,2.099262303832869,0.15,bad
0.085663125,0.83813876,0.3131213,0.13699594,0.733856,0.3651468,0.034361955,0.7743679,0.28785002,0.37109795,0.5088827,0.29585797,0.02330181,0.72819215,0.16986245,0.67503023,0.6845924,0.357136,0.06770696,0.8688407,0.20321502,81.71072674457807,-3.672489509413841,0.12863140553236008,2.703695970710856,0.15,bad
0.46936998,0.527891,0.44581953,0.5352559,0.4480458,0.8025606,0.40604714,0.45096567,0.6969661,0.6330467,0.48053557,0.561052,0.32124305,0.4928014,0.65980345,0.79864573,0.861063,0.6167905,0.26804146,0.9109423,0.4343078,14.480620092160393,3.0618903911920743,0.0333435982465744,2.136526037236647,0.3119393173752847,bad
0.48457167,0.55914587,0.4536299,0.55470806,0.4873205,0.8201878,0.42104945,0.485761,0.72256696,0.64704573,0.5207697,0.47881708,0.32974443,0.514858,0.60432565,0.7771389,0.88371426,0.5452862,0.21280333,0.8927634,0.50035185,2.8823833533479473,-358.8095984847305,0.005028888583183289,1.8482103487188064,0.31733227915346945,bad
0.51460177,0.6072935,0.33888838,0.5752483,0.5218943,0.7247765,0.4361279,0.52959275,0.41093656,0.6379169,0.519858,0.43934602,0.31314793,0.5491119,0.613256,0.76664394,0.8810626,0.5252679,0.2179803,0.8958602,0.47972527,11.087917406577134,-1.2177585366160009,0.007687881588935852,1.522913196695651,0.3255092614615029,bad
0.46705428,0.6405753,0.3091534,0.5305913,0.5425452,0.5571411,0.39756018,0.5556458,0.3967929,0.61302125,0.5119373,0.5744791,0.29195768,0.5474684,0.60460126,0.7571603,0.8806639,0.4831219,0.21790469,0.8910869,0.52232754,10.315227315499385,-3.3935824129003045,0.012467503547668457,1.3877084787435543,0.3221675877094458,bad
0.494715,0.52337587,0.4477907,0.5737473,0.45859474,0.77792585,0.43785822,0.4581716,0.7500481,0.685807,0.51022065,0.5546656,0.3653672,0.5061078,0.66129553,0.8045056,0.78080666,0.5829165,0.20840482,0.76642805,0.67346895,7.347832840301379,-0.9026088492218419,0.0064552053809165955,1.3838306937575224,0.32045463206580305,bad
0.6742387,0.5126728,0.43905818,0.7430724,0.46628973,0.61568093,0.62056386,0.44363716,0.77077687,0.8167783,0.55874294,0.5641297,0.5221137,0.5066967,0.62791884,0.8645836,0.8670362,0.4940254,0.28907737,0.82990533,0.58517253,25.96767301789896,5.125069651653447,0.07683049142360687,2.183275986703062,0.2972388690655461,bad
0.16294739,0.61941534,0.42774478,0.2251412,0.54857445,0.5498592,0.09512909,0.5763862,0.56184447,0.34334448,0.5736257,0.46959808,0.03837687,0.6739155,0.38030595,0.60845155,0.831252,0.4566009,0.07197902,0.9406305,0.49657428,47.013633062528484,-0.4207661878387761,0.1597847156226635,2.0290413991758793,0.3141065015162968,bad
0.2949278,0.33724612,0.26824608,0.33368373,0.30775362,0.37069696,0.24919438,0.29555324,0.17922221,0.39886618,0.34687096,0.37586188,0.1399486,0.32768396,0.28899285,0.5763688,0.83176756,0.33358794,0.029509427,0.7117298,0.21258438,11.41396864065922,-3.16752334298871,0.19706088211387396,3.8357539293856955,0.2593171561653839,bad
0.35945392,0.430017,0.52546203,0.43086058,0.38427475,0.6603571,0.31046897,0.3655206,0.6636231,0.5241465,0.46962485,0.5546237,0.23929998,0.41606203,0.60471636,0.58799547,0.882022,0.59291804,0.076712124,0.69545835,0.6678803,7.445740337730015,-8.641583172552137,0.16764620319008827,2.230861720920324,0.2876653187699002,bad
0.315121,0.5184938,0.3999772,0.39929965,0.46300513,0.7162105,0.26105633,0.44119006,0.681075,0.50711906,0.51976657,0.5634818,0.18914789,0.47262487,0.65882474,0.591901,0.89875287,0.48851874,0.06944319,0.7441629,0.61104244,18.688705795389637,-5.7625208924592295,0.16932790353894234,1.6360725924074684,0.31993082244835114,bad
0.21695517,0.55504364,0.4440899,0.2914357,0.48635066,0.70175683,0.15767492,0.47519875,0.57777965,0.39516214,0.5036603,0.6332667,0.078992516,0.49211538,0.5893372,0.51362646,0.7728672,0.5874611,0.015937455,0.8526165,0.29944587,16.112829401402635,-349.5691021350089,0.23521804437041283,1.4856012590455148,0.3162881621911208,bad
0.16348296,0.6717651,0.3734516,0.24747936,0.57498705,0.3904499,0.094563656,0.5755585,0.53313804,0.36007732,0.5702504,0.54327893,0.01294316,0.5761516,0.36833125,0.47480932,0.7734203,0.46497643,-0.0012870253,0.7852648,0.11137686,82.48085634912601,0.9083657448624899,0.26323885325109586,0.7127617623644474,0.3471623754873749,bad
0.3198768,0.8223351,0.24823615,0.38518494,0.7422265,0.65006804,0.24657081,0.741677,0.5103135,0.5110264,0.60333663,0.59362406,0.18149567,0.6792625,0.26077417,0.6151769,0.922819,0.23718528,0.15716645,0.91087246,0.4874274,78.38024064417796,-0.9503681531316946,0.11382831633090973,0.7001681500552458,0.3344146515123793,bad
0.3341426,0.82089275,0.2856067,0.4104163,0.73174727,0.54140335,0.2593348,0.74141866,0.54927385,0.5176453,0.60524064,0.5315219,0.18338382,0.67577994,0.31913275,0.6488165,0.9427852,0.23717122,0.16083854,0.90945846,0.45719963,77.56548608265523,354.3190706429046,0.0951724648475647,0.7004581136037272,0.338422248283997,bad
0.32871294,0.778313,0.27258292,0.39959618,0.6799216,0.4938021,0.25420165,0.69338924,0.3593565,0.5097543,0.57858336,0.53929764,0.18605354,0.6232624,0.26214594,0.65513164,0.9467975,0.30615088,0.15211417,0.915116,0.45909408,72.85939489348735,353.32150975200466,0.09637709707021713,0.9387156904188287,0.3254305631918336,bad
0.35692462,0.5546258,0.37502348,0.44587564,0.51642174,0.5402872,0.33101022,0.4800583,0.46144316,0.556586,0.6227729,0.51318336,0.28008994,0.49786308,0.35663676,0.6150168,0.9180951,0.35163397,0.122223936,0.8889973,0.45393398,6.0424348988182,10.820766421927972,0.1313796229660511,2.218824355990739,0.2919357202015741,bad
0.24699476,0.60201234,0.14285585,0.28398538,0.5103978,0.30494803,0.16442409,0.5856012,0.51881206,0.37395778,0.47923392,0.30422032,0.09494627,0.6569796,0.3303186,0.6166043,0.8596315,0.3969578,0.09742734,0.91781414,0.36728963,34.226580881638874,-20.450973819531722,0.14298416674137115,1.8271505728705584,0.30922287377298846,bad
0.48817816,0.57652825,0.33489072,0.49714786,0.5018353,0.55505645,0.42363375,0.5261749,0.5668404,0.46450937,0.4921003,0.114141986,0.22042489,0.5829797,0.505272,0.5379155,0.8852589,0.32635996,0.08385096,0.9081343,0.37002668,44.488209667320234,-11.78153196592245,0.18911675736308098,3.9405872880528716,0.15,bad
